domínio,peso,tarefa,knowledge ou skill,competência,bloco,capítulo,seção,comparação,cenário resolvido,laboratório,questão fundamental,questão integrada,questão de múltipla resposta,D+2,D+7,referência oficial,data de validação,status,lacuna
1,30%,1.1,knowledge,Access controls and management across multiple accounts,B21,03_Guia_do_Estudante/Capitulos/B21_Organizations_IAM_Avancado_KMS_e_Parameter_Store.md,5.4 Ponto 4,Cápsula de decisão — AWS Resource Access Manager (AWS RAM),Cenário resolvido 2 — Cross-account,05_Laboratorios/LAB_B21_Avaliacao_de_Politicas_KMS_e_Parameter_Store.md,B21-01,B19-05,B11-08,06_Progresso/B21_Checklist_e_Revisoes.md — 20/08/2026<br>,06_Progresso/B21_Checklist_e_Revisoes.md — 25/08/2026<br>,https://docs.aws.amazon.com/aws-certification/latest/solutions-architect-associate-03/solutions-architect-associate-03-domain1.html,2026-08-01,cobertura completa,—
1,30%,1.1,knowledge,"AWS federated access and identity services (for example, IAM, AWS IAM Identity Center)",B21,03_Guia_do_Estudante/Capitulos/B21_Organizations_IAM_Avancado_KMS_e_Parameter_Store.md,5.23 Ponto 23,Cápsula de decisão — AWS Resource Access Manager (AWS RAM),Cenário resolvido 3 — Criptografia global,05_Laboratorios/LAB_B21_Avaliacao_de_Politicas_KMS_e_Parameter_Store.md,B21-01,B12-08,B21-04,06_Progresso/B21_Checklist_e_Revisoes.md — 20/08/2026<br>,06_Progresso/B21_Checklist_e_Revisoes.md — 25/08/2026<br>,https://docs.aws.amazon.com/aws-certification/latest/solutions-architect-associate-03/solutions-architect-associate-03-domain1.html,2026-08-01,cobertura completa,—
1,30%,1.1,knowledge,"AWS global infrastructure (for example, Availability Zones, AWS Regions)",B01,03_Guia_do_Estudante/Capitulos/B01_Infraestrutura_Global_Responsabilidade_e_IAM.md,3.2 Availability Zone (AZ),10. Tabela de decisão,Cenário resolvido 1 — Multi-AZ ou Multi-Region?,05_Laboratorios/LAB_B03_EC2_Web_Role_e_Cleanup.md,B06-02,B24-10,B24-09,06_Progresso/B01_Checklist_e_Revisoes.md — 27/07/2026  ,06_Progresso/B01_Checklist_e_Revisoes.md — 01/08/2026  ,https://docs.aws.amazon.com/aws-certification/latest/solutions-architect-associate-03/solutions-architect-associate-03-domain1.html,2026-08-01,cobertura completa,—
1,30%,1.1,knowledge,"AWS security best practices (for example, the principle of least privilege)",B01,03_Guia_do_Estudante/Capitulos/B01_Infraestrutura_Global_Responsabilidade_e_IAM.md,8. Least privilege,6.6 Managed policy versus inline policy,Cenário resolvido 3 — EC2 precisa ler S3,05_Laboratorios/LAB_B01_Seguranca_da_Conta_IAM.md,B02-03,B22-10,B02-03,06_Progresso/B01_Checklist_e_Revisoes.md — 27/07/2026  ,06_Progresso/B01_Checklist_e_Revisoes.md — 01/08/2026  ,https://docs.aws.amazon.com/aws-certification/latest/solutions-architect-associate-03/solutions-architect-associate-03-domain1.html,2026-08-01,cobertura completa,—
1,30%,1.1,knowledge,The AWS shared responsibility model,B01,03_Guia_do_Estudante/Capitulos/B01_Infraestrutura_Global_Responsabilidade_e_IAM.md,5.2 Responsabilidade do cliente,,Cenário resolvido 2 — Quem aplica o patch?,05_Laboratorios/LAB_B03_EC2_Web_Role_e_Cleanup.md,B01-03,,B01-03,06_Progresso/B01_Checklist_e_Revisoes.md — 27/07/2026  ,06_Progresso/B01_Checklist_e_Revisoes.md — 01/08/2026  ,https://docs.aws.amazon.com/aws-certification/latest/solutions-architect-associate-03/solutions-architect-associate-03-domain1.html,2026-08-01,cobertura completa,—
1,30%,1.1,skill,"Applying AWS security best practices to IAM users and root users (for example, multi-factor authentication [MFA])",B01,03_Guia_do_Estudante/Capitulos/B01_Infraestrutura_Global_Responsabilidade_e_IAM.md,9.1 MFA,6.6 Managed policy versus inline policy,Cenário resolvido 3 — EC2 precisa ler S3,05_Laboratorios/LAB_B01_Seguranca_da_Conta_IAM.md,B02-03,B12-08,B02-03,06_Progresso/B01_Checklist_e_Revisoes.md — 27/07/2026  ,06_Progresso/B01_Checklist_e_Revisoes.md — 01/08/2026  ,https://docs.aws.amazon.com/aws-certification/latest/solutions-architect-associate-03/solutions-architect-associate-03-domain1.html,2026-08-01,cobertura completa,—
1,30%,1.1,skill,"Designing a flexible authorization model that includes IAM users, groups, roles, and policies",B01,03_Guia_do_Estudante/Capitulos/B01_Infraestrutura_Global_Responsabilidade_e_IAM.md,6.4 IAM role,6.6 Managed policy versus inline policy,Cenário resolvido 3 — EC2 precisa ler S3,05_Laboratorios/LAB_B01_Seguranca_da_Conta_IAM.md,B21-01,B12-08,B12-08,06_Progresso/B01_Checklist_e_Revisoes.md — 27/07/2026  ,06_Progresso/B01_Checklist_e_Revisoes.md — 01/08/2026  ,https://docs.aws.amazon.com/aws-certification/latest/solutions-architect-associate-03/solutions-architect-associate-03-domain1.html,2026-08-01,cobertura completa,—
1,30%,1.1,skill,"Designing a role-based access control strategy (for example, AWS STS, role switching, cross-account access)",B21,03_Guia_do_Estudante/Capitulos/B21_Organizations_IAM_Avancado_KMS_e_Parameter_Store.md,5.4 Ponto 4,Cápsula de decisão — AWS Resource Access Manager (AWS RAM),Cenário resolvido 2 — Cross-account,05_Laboratorios/LAB_B21_Avaliacao_de_Politicas_KMS_e_Parameter_Store.md,B21-01,B19-05,B11-08,06_Progresso/B21_Checklist_e_Revisoes.md — 20/08/2026<br>,06_Progresso/B21_Checklist_e_Revisoes.md — 25/08/2026<br>,https://docs.aws.amazon.com/aws-certification/latest/solutions-architect-associate-03/solutions-architect-associate-03-domain1.html,2026-08-01,cobertura completa,—
1,30%,1.1,skill,"Designing a security strategy for multiple AWS accounts (for example, AWS Control Tower, service control policies [SCPs])",B21,03_Guia_do_Estudante/Capitulos/B21_Organizations_IAM_Avancado_KMS_e_Parameter_Store.md,5.8 Ponto 8,Cápsula de decisão — AWS Resource Access Manager (AWS RAM),Cenário resolvido 2 — Cross-account,05_Laboratorios/LAB_B21_Avaliacao_de_Politicas_KMS_e_Parameter_Store.md,B21-01,B24-07,B22-04,06_Progresso/B21_Checklist_e_Revisoes.md — 20/08/2026<br>,06_Progresso/B21_Checklist_e_Revisoes.md — 25/08/2026<br>,https://docs.aws.amazon.com/aws-certification/latest/solutions-architect-associate-03/solutions-architect-associate-03-domain1.html,2026-08-01,cobertura completa,—
1,30%,1.1,skill,Determining the appropriate use of resource policies for AWS services,B21,03_Guia_do_Estudante/Capitulos/B21_Organizations_IAM_Avancado_KMS_e_Parameter_Store.md,5.4 Ponto 4,Cápsula de decisão — AWS Resource Access Manager (AWS RAM),Cenário resolvido 2 — Cross-account,05_Laboratorios/LAB_B21_Avaliacao_de_Politicas_KMS_e_Parameter_Store.md,B21-01,B12-08,B12-08,06_Progresso/B21_Checklist_e_Revisoes.md — 20/08/2026<br>,06_Progresso/B21_Checklist_e_Revisoes.md — 25/08/2026<br>,https://docs.aws.amazon.com/aws-certification/latest/solutions-architect-associate-03/solutions-architect-associate-03-domain1.html,2026-08-01,cobertura completa,—
1,30%,1.1,skill,Determining when to federate a directory service with IAM roles,B21,03_Guia_do_Estudante/Capitulos/B21_Organizations_IAM_Avancado_KMS_e_Parameter_Store.md,5.23 Ponto 23,Cápsula de decisão — AWS Resource Access Manager (AWS RAM),Cenário resolvido 3 — Criptografia global,05_Laboratorios/LAB_B21_Avaliacao_de_Politicas_KMS_e_Parameter_Store.md,B21-01,B12-08,B21-04,06_Progresso/B21_Checklist_e_Revisoes.md — 20/08/2026<br>,06_Progresso/B21_Checklist_e_Revisoes.md — 25/08/2026<br>,https://docs.aws.amazon.com/aws-certification/latest/solutions-architect-associate-03/solutions-architect-associate-03-domain1.html,2026-08-01,cobertura completa,—
1,30%,1.2,knowledge,Application configuration and credentials security,B22,03_Guia_do_Estudante/Capitulos/B22_Segredos_Protecao_de_Aplicacoes_e_Fundamentos_VPC.md,5.4 Ponto 4,Cápsula de decisão — Amazon Detective,Cenário resolvido 1 — Credencial RDS,05_Laboratorios/LAB_B22_VPC_Publica_Privada_sem_NAT_Gateway.md,B02-02,B22-06,B02-03,06_Progresso/B22_Checklist_e_Revisoes.md — 21/08/2026<br>,06_Progresso/B22_Checklist_e_Revisoes.md — 26/08/2026<br>,https://docs.aws.amazon.com/aws-certification/latest/solutions-architect-associate-03/solutions-architect-associate-03-domain1.html,2026-08-01,cobertura completa,—
1,30%,1.2,knowledge,AWS service endpoints,B23,03_Guia_do_Estudante/Capitulos/B23_Redes_Avancadas_e_Conectividade_Hibrida.md,5.17 Ponto 17,Cápsula de decisão — AWS Client VPN,Cenário resolvido 2 — S3 privado,05_Laboratorios/LAB_B23_Roteamento_VPC_e_Hibrido_em_Diagrama.md,B03-03,B25-04,B25-04,06_Progresso/B23_Checklist_e_Revisoes.md — 22/08/2026<br>,06_Progresso/B23_Checklist_e_Revisoes.md — 27/08/2026<br>,https://docs.aws.amazon.com/aws-certification/latest/solutions-architect-associate-03/solutions-architect-associate-03-domain1.html,2026-08-01,cobertura completa,—
1,30%,1.2,knowledge,"Control ports, protocols, and network traffic on AWS",B22,03_Guia_do_Estudante/Capitulos/B22_Segredos_Protecao_de_Aplicacoes_e_Fundamentos_VPC.md,Classificação da novidade: Regional NAT Gateway,,Cenário resolvido 3 — Três camadas,05_Laboratorios/LAB_B22_VPC_Publica_Privada_sem_NAT_Gateway.md,B03-03,B22-10,B22-09,06_Progresso/B22_Checklist_e_Revisoes.md — 21/08/2026<br>,06_Progresso/B22_Checklist_e_Revisoes.md — 26/08/2026<br>,https://docs.aws.amazon.com/aws-certification/latest/solutions-architect-associate-03/solutions-architect-associate-03-domain1.html,2026-08-01,cobertura completa,—
1,30%,1.2,knowledge,Secure application access,B22,03_Guia_do_Estudante/Capitulos/B22_Segredos_Protecao_de_Aplicacoes_e_Fundamentos_VPC.md,5.9 Ponto 9,6. Tabela de decisão,Cenário resolvido 2 — Aplicação web,05_Laboratorios/LAB_B22_VPC_Publica_Privada_sem_NAT_Gateway.md,,B22-10,B22-09,06_Progresso/B22_Checklist_e_Revisoes.md — 21/08/2026<br>,06_Progresso/B22_Checklist_e_Revisoes.md — 26/08/2026<br>,https://docs.aws.amazon.com/aws-certification/latest/solutions-architect-associate-03/solutions-architect-associate-03-domain1.html,2026-08-01,cobertura completa,—
1,30%,1.2,knowledge,"Security services with appropriate use cases (for example, AWS Cognito, AWS GuardDuty, AWS Macie)",B22,03_Guia_do_Estudante/Capitulos/B22_Segredos_Protecao_de_Aplicacoes_e_Fundamentos_VPC.md,5.11 Ponto 11,Cápsula de decisão — Amazon Detective,Cenário resolvido 2 — Aplicação web,05_Laboratorios/LAB_B22_VPC_Publica_Privada_sem_NAT_Gateway.md,,B22-09,B22-09,06_Progresso/B22_Checklist_e_Revisoes.md — 21/08/2026<br>,06_Progresso/B22_Checklist_e_Revisoes.md — 26/08/2026<br>,https://docs.aws.amazon.com/aws-certification/latest/solutions-architect-associate-03/solutions-architect-associate-03-domain1.html,2026-08-01,cobertura completa,—
1,30%,1.2,knowledge,"Threat vectors external to AWS (for example, DDoS, SQL injection)",B22,03_Guia_do_Estudante/Capitulos/B22_Segredos_Protecao_de_Aplicacoes_e_Fundamentos_VPC.md,5.9 Ponto 9,Cápsula de decisão — Amazon Detective,Cenário resolvido 2 — Aplicação web,05_Laboratorios/LAB_B22_VPC_Publica_Privada_sem_NAT_Gateway.md,,B25-04,B25-04,06_Progresso/B22_Checklist_e_Revisoes.md — 21/08/2026<br>,06_Progresso/B22_Checklist_e_Revisoes.md — 26/08/2026<br>,https://docs.aws.amazon.com/aws-certification/latest/solutions-architect-associate-03/solutions-architect-associate-03-domain1.html,2026-08-01,cobertura completa,—
1,30%,1.2,skill,"Designing VPC architectures with security components (for example, security groups, route tables, network ACLs, NAT gateways)",B22,03_Guia_do_Estudante/Capitulos/B22_Segredos_Protecao_de_Aplicacoes_e_Fundamentos_VPC.md,Classificação da novidade: Regional NAT Gateway,6. Tabela de decisão,Cenário resolvido 3 — Três camadas,05_Laboratorios/LAB_B22_VPC_Publica_Privada_sem_NAT_Gateway.md,B03-01,B24-09,B24-09,06_Progresso/B22_Checklist_e_Revisoes.md — 21/08/2026<br>,06_Progresso/B22_Checklist_e_Revisoes.md — 26/08/2026<br>,https://docs.aws.amazon.com/aws-certification/latest/solutions-architect-associate-03/solutions-architect-associate-03-domain1.html,2026-08-01,cobertura completa,—
1,30%,1.2,skill,"Determining network segmentation strategies (for example, using public subnets and private subnets)",B22,03_Guia_do_Estudante/Capitulos/B22_Segredos_Protecao_de_Aplicacoes_e_Fundamentos_VPC.md,Classificação da novidade: Regional NAT Gateway,,Cenário resolvido 3 — Três camadas,05_Laboratorios/LAB_B22_VPC_Publica_Privada_sem_NAT_Gateway.md,B01-02,B22-10,B22-09,06_Progresso/B22_Checklist_e_Revisoes.md — 21/08/2026<br>,06_Progresso/B22_Checklist_e_Revisoes.md — 26/08/2026<br>,https://docs.aws.amazon.com/aws-certification/latest/solutions-architect-associate-03/solutions-architect-associate-03-domain1.html,2026-08-01,cobertura completa,—
1,30%,1.2,skill,"Integrating AWS services to secure applications (for example, AWS Shield, AWS WAF, IAM Identity Center, AWS Secrets Manager)",B21,03_Guia_do_Estudante/Capitulos/B21_Organizations_IAM_Avancado_KMS_e_Parameter_Store.md,5.34 Ponto 34,Cápsula de decisão — AWS Resource Access Manager (AWS RAM),Cenário resolvido 3 — Criptografia global,05_Laboratorios/LAB_B21_Avaliacao_de_Politicas_KMS_e_Parameter_Store.md,B02-02,B25-04,B25-04,06_Progresso/B21_Checklist_e_Revisoes.md — 20/08/2026<br>,06_Progresso/B21_Checklist_e_Revisoes.md — 25/08/2026<br>,https://docs.aws.amazon.com/aws-certification/latest/solutions-architect-associate-03/solutions-architect-associate-03-domain1.html,2026-08-01,cobertura completa,—
1,30%,1.2,skill,"Securing external network connections to and from the AWS Cloud (for example, VPN, AWS Direct Connect)",B23,03_Guia_do_Estudante/Capitulos/B23_Redes_Avancadas_e_Conectividade_Hibrida.md,5.28 Ponto 28,Cápsula de decisão — AWS Client VPN,Cenário resolvido 3 — Dedicado e cifrado,05_Laboratorios/LAB_B23_Roteamento_VPC_e_Hibrido_em_Diagrama.md,B03-03,B25-04,B25-04,06_Progresso/B23_Checklist_e_Revisoes.md — 22/08/2026<br>,06_Progresso/B23_Checklist_e_Revisoes.md — 27/08/2026<br>,https://docs.aws.amazon.com/aws-certification/latest/solutions-architect-associate-03/solutions-architect-associate-03-domain1.html,2026-08-01,cobertura completa,—
1,30%,1.3,knowledge,Data access and governance,B11,03_Guia_do_Estudante/Capitulos/B11_S3_Seguranca_Versioning_Replication_Classes_e_Eventos.md,4. Segurança de acesso,,,05_Laboratorios/LAB_B01_Seguranca_da_Conta_IAM.md,,B12-03,B12-03,06_Progresso/B11_Checklist_e_Revisoes.md — 08/08/2026<br>,06_Progresso/B11_Checklist_e_Revisoes.md — 13/08/2026<br>,https://docs.aws.amazon.com/aws-certification/latest/solutions-architect-associate-03/solutions-architect-associate-03-domain1.html,2026-08-01,cobertura completa,—
1,30%,1.3,knowledge,Data recovery,B11,03_Guia_do_Estudante/Capitulos/B11_S3_Seguranca_Versioning_Replication_Classes_e_Eventos.md,8. Storage classes,,Cenário resolvido 3 — objeto “sumiu”,05_Laboratorios/LAB_B11_S3_Versioning_Lifecycle_e_Cleanup.md,B24-01,B21-10,B24-04,06_Progresso/B11_Checklist_e_Revisoes.md — 08/08/2026<br>,06_Progresso/B11_Checklist_e_Revisoes.md — 13/08/2026<br>,https://docs.aws.amazon.com/aws-certification/latest/solutions-architect-associate-03/solutions-architect-associate-03-domain1.html,2026-08-01,cobertura completa,—
1,30%,1.3,knowledge,Data retention and classification,B11,03_Guia_do_Estudante/Capitulos/B11_S3_Seguranca_Versioning_Replication_Classes_e_Eventos.md,10. Lifecycle,15. Tabela de decisão,Cenário resolvido 5 — cópia recriável,05_Laboratorios/LAB_B11_S3_Versioning_Lifecycle_e_Cleanup.md,B19-01,B12-03,B12-03,06_Progresso/B11_Checklist_e_Revisoes.md — 08/08/2026<br>,06_Progresso/B11_Checklist_e_Revisoes.md — 13/08/2026<br>,https://docs.aws.amazon.com/aws-certification/latest/solutions-architect-associate-03/solutions-architect-associate-03-domain1.html,2026-08-01,cobertura completa,—
1,30%,1.3,knowledge,Encryption and appropriate key management,B21,03_Guia_do_Estudante/Capitulos/B21_Organizations_IAM_Avancado_KMS_e_Parameter_Store.md,5.33 Ponto 33,6. Tabela de decisão,Cenário resolvido 3 — Criptografia global,05_Laboratorios/LAB_B21_Avaliacao_de_Politicas_KMS_e_Parameter_Store.md,B12-01,B21-10,B21-07,06_Progresso/B21_Checklist_e_Revisoes.md — 20/08/2026<br>,06_Progresso/B21_Checklist_e_Revisoes.md — 25/08/2026<br>,https://docs.aws.amazon.com/aws-certification/latest/solutions-architect-associate-03/solutions-architect-associate-03-domain1.html,2026-08-01,cobertura completa,—
1,30%,1.3,skill,Aligning AWS technologies to meet compliance requirements,B20,03_Guia_do_Estudante/Capitulos/B20_Observabilidade_Auditoria_Config_e_Organizations.md,5.25 Ponto 25,Cápsula de decisão — AWS Audit Manager,Cenário resolvido 2 — Security group aberto,05_Laboratorios/LAB_B20_CloudWatch_CloudTrail_e_Config_Read_Only.md,B12-01,B12-03,B12-03,06_Progresso/B20_Checklist_e_Revisoes.md — 19/08/2026<br>,06_Progresso/B20_Checklist_e_Revisoes.md — 24/08/2026<br>,https://docs.aws.amazon.com/aws-certification/latest/solutions-architect-associate-03/solutions-architect-associate-03-domain1.html,2026-08-01,cobertura completa,—
1,30%,1.3,skill,"Encrypting data at rest (for example, AWS KMS)",B21,03_Guia_do_Estudante/Capitulos/B21_Organizations_IAM_Avancado_KMS_e_Parameter_Store.md,5.33 Ponto 33,6. Tabela de decisão,Cenário resolvido 3 — Criptografia global,05_Laboratorios/LAB_B21_Avaliacao_de_Politicas_KMS_e_Parameter_Store.md,B12-01,B21-10,B21-07,06_Progresso/B21_Checklist_e_Revisoes.md — 20/08/2026<br>,06_Progresso/B21_Checklist_e_Revisoes.md — 25/08/2026<br>,https://docs.aws.amazon.com/aws-certification/latest/solutions-architect-associate-03/solutions-architect-associate-03-domain1.html,2026-08-01,cobertura completa,—
1,30%,1.3,skill,"Encrypting data in transit (for example, AWS Certificate Manager [ACM] using TLS)",B21,03_Guia_do_Estudante/Capitulos/B21_Organizations_IAM_Avancado_KMS_e_Parameter_Store.md,5.33 Ponto 33,Cápsula de decisão — AWS Resource Access Manager (AWS RAM),Cenário resolvido 3 — Criptografia global,05_Laboratorios/LAB_B21_Avaliacao_de_Politicas_KMS_e_Parameter_Store.md,B07-02,B19-05,B21-07,06_Progresso/B21_Checklist_e_Revisoes.md — 20/08/2026<br>,06_Progresso/B21_Checklist_e_Revisoes.md — 25/08/2026<br>,https://docs.aws.amazon.com/aws-certification/latest/solutions-architect-associate-03/solutions-architect-associate-03-domain1.html,2026-08-01,cobertura completa,—
1,30%,1.3,skill,Implementing access policies for encryption keys,B21,03_Guia_do_Estudante/Capitulos/B21_Organizations_IAM_Avancado_KMS_e_Parameter_Store.md,5.33 Ponto 33,6. Tabela de decisão,Cenário resolvido 3 — Criptografia global,05_Laboratorios/LAB_B21_Avaliacao_de_Politicas_KMS_e_Parameter_Store.md,B12-01,B21-10,B21-07,06_Progresso/B21_Checklist_e_Revisoes.md — 20/08/2026<br>,06_Progresso/B21_Checklist_e_Revisoes.md — 25/08/2026<br>,https://docs.aws.amazon.com/aws-certification/latest/solutions-architect-associate-03/solutions-architect-associate-03-domain1.html,2026-08-01,cobertura completa,—
1,30%,1.3,skill,Implementing data backups and replications,B11,03_Guia_do_Estudante/Capitulos/B11_S3_Seguranca_Versioning_Replication_Classes_e_Eventos.md,8. Storage classes,,Cenário resolvido 3 — objeto “sumiu”,05_Laboratorios/LAB_B11_S3_Versioning_Lifecycle_e_Cleanup.md,B24-01,B21-10,B24-04,06_Progresso/B11_Checklist_e_Revisoes.md — 08/08/2026<br>,06_Progresso/B11_Checklist_e_Revisoes.md — 13/08/2026<br>,https://docs.aws.amazon.com/aws-certification/latest/solutions-architect-associate-03/solutions-architect-associate-03-domain1.html,2026-08-01,cobertura completa,—
1,30%,1.3,skill,"Implementing policies for data access, lifecycle, and protection",B11,03_Guia_do_Estudante/Capitulos/B11_S3_Seguranca_Versioning_Replication_Classes_e_Eventos.md,10. Lifecycle,15. Tabela de decisão,Cenário resolvido 5 — cópia recriável,05_Laboratorios/LAB_B11_S3_Versioning_Lifecycle_e_Cleanup.md,B19-01,B12-03,B12-03,06_Progresso/B11_Checklist_e_Revisoes.md — 08/08/2026<br>,06_Progresso/B11_Checklist_e_Revisoes.md — 13/08/2026<br>,https://docs.aws.amazon.com/aws-certification/latest/solutions-architect-associate-03/solutions-architect-associate-03-domain1.html,2026-08-01,cobertura completa,—
1,30%,1.3,skill,Rotating encryption keys and renewing certificates,B21,03_Guia_do_Estudante/Capitulos/B21_Organizations_IAM_Avancado_KMS_e_Parameter_Store.md,5.33 Ponto 33,Cápsula de decisão — AWS Resource Access Manager (AWS RAM),Cenário resolvido 3 — Criptografia global,05_Laboratorios/LAB_B21_Avaliacao_de_Politicas_KMS_e_Parameter_Store.md,B07-02,B19-05,B21-07,06_Progresso/B21_Checklist_e_Revisoes.md — 20/08/2026<br>,06_Progresso/B21_Checklist_e_Revisoes.md — 25/08/2026<br>,https://docs.aws.amazon.com/aws-certification/latest/solutions-architect-associate-03/solutions-architect-associate-03-domain1.html,2026-08-01,cobertura completa,—
2,26%,2.1,knowledge,"API creation and management (for example, Amazon API Gateway, REST API)",B17,03_Guia_do_Estudante/Capitulos/B17_Serverless_VPC_DynamoDB_API_Gateway_Step_Functions_e_Cognito.md,6. API Gateway,Cápsula de decisão — AWS AppSync,Cenário resolvido 1 — banco privado e API externa,05_Laboratorios/LAB_B17_API_Serverless_Lambda_DynamoDB.md,B17-01,B17-07,B17-07,06_Progresso/B17_Checklist_e_Revisoes.md — 15/08/2026<br>,06_Progresso/B17_Checklist_e_Revisoes.md — 20/08/2026<br>,https://docs.aws.amazon.com/aws-certification/latest/solutions-architect-associate-03/solutions-architect-associate-03-domain2.html,2026-08-01,cobertura completa,—
2,26%,2.1,knowledge,"AWS managed services with appropriate use cases (for example, AWS Transfer Family, Amazon SQS, AWS Secrets Manager)",B22,03_Guia_do_Estudante/Capitulos/B22_Segredos_Protecao_de_Aplicacoes_e_Fundamentos_VPC.md,5.4 Ponto 4,Cápsula de decisão — Amazon Detective,Cenário resolvido 1 — Credencial RDS,05_Laboratorios/LAB_B22_VPC_Publica_Privada_sem_NAT_Gateway.md,B14-02,B13-03,B13-03,06_Progresso/B22_Checklist_e_Revisoes.md — 21/08/2026<br>,06_Progresso/B22_Checklist_e_Revisoes.md — 26/08/2026<br>,https://docs.aws.amazon.com/aws-certification/latest/solutions-architect-associate-03/solutions-architect-associate-03-domain2.html,2026-08-01,cobertura completa,—
2,26%,2.1,knowledge,Caching strategies,B08,03_Guia_do_Estudante/Capitulos/B08_RDS_Aurora_RDS_Proxy_e_ElastiCache.md,10. ElastiCache,12. Tabela de decisão,,05_Laboratorios/LAB_B08_Projeto_RDS_Privado_Aurora_Proxy_e_Cache.md,B01-02,B18-10,B24-09,06_Progresso/B08_Checklist_e_Revisoes.md — 05/08/2026<br>,06_Progresso/B08_Checklist_e_Revisoes.md — 10/08/2026<br>,https://docs.aws.amazon.com/aws-certification/latest/solutions-architect-associate-03/solutions-architect-associate-03-domain2.html,2026-08-01,cobertura completa,—
2,26%,2.1,knowledge,"Design principles for microservices (for example, stateless workloads compared with stateful workloads)",B18,03_Guia_do_Estudante/Capitulos/B18_Arquiteturas_Serverless_Bancos_e_Analytics.md,3.3 Microservices,3. Arquiteturas serverless: componentes e trade-offs,,05_Laboratorios/LAB_B03_EC2_Web_Role_e_Cleanup.md,B25-01,B15-08,B22-09,06_Progresso/B18_Checklist_e_Revisoes.md — 16/08/2026 cairia no domingo; revisão transferida para **17/08/2026**<br>,06_Progresso/B18_Checklist_e_Revisoes.md — 21/08/2026<br>,https://docs.aws.amazon.com/aws-certification/latest/solutions-architect-associate-03/solutions-architect-associate-03-domain2.html,2026-08-01,cobertura completa,—
2,26%,2.1,knowledge,Event-driven architectures,B14,03_Guia_do_Estudante/Capitulos/B14_SQS_SNS_Desacoplamento_e_Fanout.md,4.2 Idempotência,,Cenário resolvido 3 — eventos por conta,05_Laboratorios/LAB_B04_Inventario_EC2_ENI_EBS_e_AMI.md,B14-02,B24-07,,06_Progresso/B14_Checklist_e_Revisoes.md — 12/08/2026<br>,06_Progresso/B14_Checklist_e_Revisoes.md — 17/08/2026<br>,https://docs.aws.amazon.com/aws-certification/latest/solutions-architect-associate-03/solutions-architect-associate-03-domain2.html,2026-08-01,cobertura completa,—
2,26%,2.1,knowledge,Horizontal scaling and vertical scaling,B07,03_Guia_do_Estudante/Capitulos/B07_TLS_ACM_Deregistration_e_Auto_Scaling.md,6. Políticas de escala,8. Tabela de decisão e trade-offs,Cenário resolvido 4 — fila como sinal,05_Laboratorios/LAB_B07_Simulacao_ALB_ASG_e_Eventos_de_Escala.md,B17-01,B18-10,B24-04,06_Progresso/B07_Checklist_e_Revisoes.md,06_Progresso/B07_Checklist_e_Revisoes.md,https://docs.aws.amazon.com/aws-certification/latest/solutions-architect-associate-03/solutions-architect-associate-03-domain2.html,2026-08-01,cobertura completa,—
2,26%,2.1,knowledge,"How to appropriately use edge accelerators (for example, content delivery network [CDN])",B12,03_Guia_do_Estudante/Capitulos/B12_S3_Seguranca_CloudFront_e_Global_Accelerator.md,7. CloudFront,Tabela de decisão — CloudFront versus Global Accelerator,Cenário resolvido 4 — jogo UDP com allowlist,05_Laboratorios/LAB_B12_S3_Presigned_URL_CORS_e_Arquitetura_Global.md,B01-02,B18-10,B25-04,06_Progresso/B12_Checklist_e_Revisoes.md — 09/08/2026 cairia no domingo; revisão transferida para **10/08/2026**<br>,06_Progresso/B12_Checklist_e_Revisoes.md — 14/08/2026<br>,https://docs.aws.amazon.com/aws-certification/latest/solutions-architect-associate-03/solutions-architect-associate-03-domain2.html,2026-08-01,cobertura completa,—
2,26%,2.1,knowledge,How to migrate applications into containers,B15,03_Guia_do_Estudante/Capitulos/B15_Streaming_Amazon_MQ_e_ECS.md,6.1 Migração de uma aplicação para containers,,,05_Laboratorios/LAB_B15_Streaming_e_Inspecao_ECS.md,,B15-08,,06_Progresso/B15_Checklist_e_Revisoes.md — 13/08/2026<br>,06_Progresso/B15_Checklist_e_Revisoes.md — 18/08/2026<br>,https://docs.aws.amazon.com/aws-certification/latest/solutions-architect-associate-03/solutions-architect-associate-03-domain2.html,2026-08-01,cobertura completa,—
2,26%,2.1,knowledge,"Load balancing concepts (for example, Application Load Balancer [ALB])",B06,03_Guia_do_Estudante/Capitulos/B06_ALB_NLB_GWLB_Target_Groups_e_Cross_Zone.md,7. GWLB,4. Tabela de decisão,Cenário resolvido 2 — allowlist e protocolo proprietário,05_Laboratorios/LAB_B06_Projeto_ALB_NLB_GWLB_Multi_AZ.md,B10-03,B22-10,B22-09,"06_Progresso/B06_Checklist_e_Revisoes.md — 02/08/2026 — domingo, sem estudo<br>",06_Progresso/B06_Checklist_e_Revisoes.md — 07/08/2026,https://docs.aws.amazon.com/aws-certification/latest/solutions-architect-associate-03/solutions-architect-associate-03-domain2.html,2026-08-01,cobertura completa,—
2,26%,2.1,knowledge,Multi-tier architectures,B18,03_Guia_do_Estudante/Capitulos/B18_Arquiteturas_Serverless_Bancos_e_Analytics.md,3.2 Website serverless,3. Arquiteturas serverless: componentes e trade-offs,,05_Laboratorios/LAB_B18_Arquitetura_Serverless_e_Matriz_de_Bancos.md,,B24-10,,06_Progresso/B18_Checklist_e_Revisoes.md — 16/08/2026 cairia no domingo; revisão transferida para **17/08/2026**<br>,06_Progresso/B18_Checklist_e_Revisoes.md — 21/08/2026<br>,https://docs.aws.amazon.com/aws-certification/latest/solutions-architect-associate-03/solutions-architect-associate-03-domain2.html,2026-08-01,cobertura completa,—
2,26%,2.1,knowledge,"Queuing and messaging concepts (for example, publish/subscribe)",B14,03_Guia_do_Estudante/Capitulos/B14_SQS_SNS_Desacoplamento_e_Fanout.md,8. SNS e fan-out,9. Tabela de decisão,"Cenário resolvido 4 — três destinos, velocidades diferentes",05_Laboratorios/LAB_B14_SQS_SNS_Fanout_e_DLQ.md,B14-02,B17-07,B17-07,06_Progresso/B14_Checklist_e_Revisoes.md — 12/08/2026<br>,06_Progresso/B14_Checklist_e_Revisoes.md — 17/08/2026<br>,https://docs.aws.amazon.com/aws-certification/latest/solutions-architect-associate-03/solutions-architect-associate-03-domain2.html,2026-08-01,cobertura completa,—
2,26%,2.1,knowledge,"Serverless technologies and patterns (for example, AWS Fargate, AWS Lambda)",B16,03_Guia_do_Estudante/Capitulos/B16_ECR_EKS_Lambda_Concurrency_SnapStart_e_Edge.md,5.2 Classificação das novidades de Lambda,Cenário resolvido 4 — redirect versus validação externa,Cenário resolvido 1 — “precisamos de containers”,05_Laboratorios/LAB_B16_Lambda_Minima_Logs_e_Cleanup.md,B16-01,B11-09,B17-07,06_Progresso/B16_Checklist_e_Revisoes.md — 14/08/2026<br>,06_Progresso/B16_Checklist_e_Revisoes.md — 19/08/2026<br>,https://docs.aws.amazon.com/aws-certification/latest/solutions-architect-associate-03/solutions-architect-associate-03-domain2.html,2026-08-01,cobertura completa,—
2,26%,2.1,knowledge,"Storage types with associated characteristics (for example, object, file, block)",B05,03_Guia_do_Estudante/Capitulos/B05_EBS_Instance_Store_EFS_e_Fundamentos_de_HA.md,4.3 Dimensionamento econômico de capacidade — tarefa 4.1,11. Decisões em camadas,,05_Laboratorios/LAB_B05_EBS_Snapshot_Restore_e_Projeto_EFS.md,B11-02,,B05-03,06_Progresso/B05_Checklist_e_Revisoes.md — 01/08/2026<br>,06_Progresso/B05_Checklist_e_Revisoes.md — 06/08/2026<br>,https://docs.aws.amazon.com/aws-certification/latest/solutions-architect-associate-03/solutions-architect-associate-03-domain2.html,2026-08-01,cobertura completa,—
2,26%,2.1,knowledge,"The orchestration of containers (for example, Amazon ECS, Amazon EKS)",B16,03_Guia_do_Estudante/Capitulos/B16_ECR_EKS_Lambda_Concurrency_SnapStart_e_Edge.md,4. EKS: quando Kubernetes é requisito,9. Tabela de decisão,Cenário resolvido 1 — “precisamos de containers”,05_Laboratorios/LAB_B16_Lambda_Minima_Logs_e_Cleanup.md,B16-01,B15-08,B16-09,06_Progresso/B16_Checklist_e_Revisoes.md — 14/08/2026<br>,06_Progresso/B16_Checklist_e_Revisoes.md — 19/08/2026<br>,https://docs.aws.amazon.com/aws-certification/latest/solutions-architect-associate-03/solutions-architect-associate-03-domain2.html,2026-08-01,cobertura completa,—
2,26%,2.1,knowledge,When to use read replicas,B08,03_Guia_do_Estudante/Capitulos/B08_RDS_Aurora_RDS_Proxy_e_ElastiCache.md,9. RDS Proxy,4. Multi-AZ versus read replica,Cenário resolvido 1 — disponibilidade sem leitura extra,05_Laboratorios/LAB_B08_Projeto_RDS_Privado_Aurora_Proxy_e_Cache.md,B08-02,B08-10,B08-08,06_Progresso/B08_Checklist_e_Revisoes.md — 05/08/2026<br>,06_Progresso/B08_Checklist_e_Revisoes.md — 10/08/2026<br>,https://docs.aws.amazon.com/aws-certification/latest/solutions-architect-associate-03/solutions-architect-associate-03-domain2.html,2026-08-01,cobertura completa,—
2,26%,2.1,knowledge,"Workflow orchestration (for example, AWS Step Functions)",B17,03_Guia_do_Estudante/Capitulos/B17_Serverless_VPC_DynamoDB_API_Gateway_Step_Functions_e_Cognito.md,7. Step Functions,9. Tabela de decisão serverless,Cenário resolvido 4 — pedido com compensação,05_Laboratorios/LAB_B17_API_Serverless_Lambda_DynamoDB.md,,B17-07,B17-07,06_Progresso/B17_Checklist_e_Revisoes.md — 15/08/2026<br>,06_Progresso/B17_Checklist_e_Revisoes.md — 20/08/2026<br>,https://docs.aws.amazon.com/aws-certification/latest/solutions-architect-associate-03/solutions-architect-associate-03-domain2.html,2026-08-01,cobertura completa,—
2,26%,2.1,skill,"Designing event-driven, microservice, and/or multi-tier architectures based on requirements",B14,03_Guia_do_Estudante/Capitulos/B14_SQS_SNS_Desacoplamento_e_Fanout.md,4.2 Idempotência,,Cenário resolvido 3 — eventos por conta,05_Laboratorios/LAB_B16_Lambda_Minima_Logs_e_Cleanup.md,B14-02,B24-10,B22-09,06_Progresso/B14_Checklist_e_Revisoes.md — 12/08/2026<br>,06_Progresso/B14_Checklist_e_Revisoes.md — 17/08/2026<br>,https://docs.aws.amazon.com/aws-certification/latest/solutions-architect-associate-03/solutions-architect-associate-03-domain2.html,2026-08-01,cobertura completa,—
2,26%,2.1,skill,Determining scaling strategies for components used in an architecture design,B07,03_Guia_do_Estudante/Capitulos/B07_TLS_ACM_Deregistration_e_Auto_Scaling.md,6. Políticas de escala,8. Tabela de decisão e trade-offs,Cenário resolvido 4 — fila como sinal,05_Laboratorios/LAB_B07_Simulacao_ALB_ASG_e_Eventos_de_Escala.md,B17-01,B18-10,B24-04,06_Progresso/B07_Checklist_e_Revisoes.md,06_Progresso/B07_Checklist_e_Revisoes.md,https://docs.aws.amazon.com/aws-certification/latest/solutions-architect-associate-03/solutions-architect-associate-03-domain2.html,2026-08-01,cobertura completa,—
2,26%,2.1,skill,Determining the AWS services required to achieve loose coupling based on requirements,B14,03_Guia_do_Estudante/Capitulos/B14_SQS_SNS_Desacoplamento_e_Fanout.md,8. SNS e fan-out,9. Tabela de decisão,"Cenário resolvido 4 — três destinos, velocidades diferentes",05_Laboratorios/LAB_B14_SQS_SNS_Fanout_e_DLQ.md,B14-02,B17-07,B17-07,06_Progresso/B14_Checklist_e_Revisoes.md — 12/08/2026<br>,06_Progresso/B14_Checklist_e_Revisoes.md — 17/08/2026<br>,https://docs.aws.amazon.com/aws-certification/latest/solutions-architect-associate-03/solutions-architect-associate-03-domain2.html,2026-08-01,cobertura completa,—
2,26%,2.1,skill,Determining when to use containers,B16,03_Guia_do_Estudante/Capitulos/B16_ECR_EKS_Lambda_Concurrency_SnapStart_e_Edge.md,4. EKS: quando Kubernetes é requisito,9. Tabela de decisão,Cenário resolvido 1 — “precisamos de containers”,05_Laboratorios/LAB_B16_Lambda_Minima_Logs_e_Cleanup.md,B16-01,B15-08,B16-09,06_Progresso/B16_Checklist_e_Revisoes.md — 14/08/2026<br>,06_Progresso/B16_Checklist_e_Revisoes.md — 19/08/2026<br>,https://docs.aws.amazon.com/aws-certification/latest/solutions-architect-associate-03/solutions-architect-associate-03-domain2.html,2026-08-01,cobertura completa,—
2,26%,2.1,skill,Determining when to use serverless technologies and patterns,B17,03_Guia_do_Estudante/Capitulos/B17_Serverless_VPC_DynamoDB_API_Gateway_Step_Functions_e_Cognito.md,"4. RDS, Lambda e eventos",9. Tabela de decisão serverless,Cenário resolvido 4 — pedido com compensação,05_Laboratorios/LAB_B17_API_Serverless_Lambda_DynamoDB.md,B16-01,B18-10,B17-07,06_Progresso/B17_Checklist_e_Revisoes.md — 15/08/2026<br>,06_Progresso/B17_Checklist_e_Revisoes.md — 20/08/2026<br>,https://docs.aws.amazon.com/aws-certification/latest/solutions-architect-associate-03/solutions-architect-associate-03-domain2.html,2026-08-01,cobertura completa,—
2,26%,2.1,skill,"Recommending appropriate compute, storage, networking, and database technologies based on requirements",B18,03_Guia_do_Estudante/Capitulos/B18_Arquiteturas_Serverless_Bancos_e_Analytics.md,3.1 Mobile application,3. Arquiteturas serverless: componentes e trade-offs,Cenário resolvido 3 — catálogo e sessões,05_Laboratorios/LAB_B18_Arquitetura_Serverless_e_Matriz_de_Bancos.md,B04-01,B15-10,B20-07,06_Progresso/B18_Checklist_e_Revisoes.md — 16/08/2026 cairia no domingo; revisão transferida para **17/08/2026**<br>,06_Progresso/B18_Checklist_e_Revisoes.md — 21/08/2026<br>,https://docs.aws.amazon.com/aws-certification/latest/solutions-architect-associate-03/solutions-architect-associate-03-domain2.html,2026-08-01,cobertura completa,—
2,26%,2.1,skill,Using purpose-built AWS services for workloads,B18,03_Guia_do_Estudante/Capitulos/B18_Arquiteturas_Serverless_Bancos_e_Analytics.md,7. Bancos purpose-built,3. Arquiteturas serverless: componentes e trade-offs,Cenário resolvido 4 — fraude em rede,05_Laboratorios/LAB_B18_Arquitetura_Serverless_e_Matriz_de_Bancos.md,B18-01,B25-09,B25-09,06_Progresso/B18_Checklist_e_Revisoes.md — 16/08/2026 cairia no domingo; revisão transferida para **17/08/2026**<br>,06_Progresso/B18_Checklist_e_Revisoes.md — 21/08/2026<br>,https://docs.aws.amazon.com/aws-certification/latest/solutions-architect-associate-03/solutions-architect-associate-03-domain2.html,2026-08-01,cobertura completa,—
2,26%,2.2,knowledge,"AWS global infrastructure (for example, Availability Zones, AWS Regions, Amazon Route 53)",B01,03_Guia_do_Estudante/Capitulos/B01_Infraestrutura_Global_Responsabilidade_e_IAM.md,3.2 Availability Zone (AZ),10. Tabela de decisão,Cenário resolvido 1 — Multi-AZ ou Multi-Region?,05_Laboratorios/LAB_B06_Projeto_ALB_NLB_GWLB_Multi_AZ.md,B06-02,B19-05,B09-03,06_Progresso/B01_Checklist_e_Revisoes.md — 27/07/2026  ,06_Progresso/B01_Checklist_e_Revisoes.md — 01/08/2026  ,https://docs.aws.amazon.com/aws-certification/latest/solutions-architect-associate-03/solutions-architect-associate-03-domain2.html,2026-08-01,cobertura completa,—
2,26%,2.2,knowledge,"AWS Managed Services (AMS) with appropriate use cases (for example, Amazon Comprehend, Amazon Polly)",B19,03_Guia_do_Estudante/Capitulos/B19_Analytics_Streaming_e_Machine_Learning.md,5.28 Ponto 28,6. Tabela de decisão,Cenário resolvido 3 — Sinistros digitalizados,05_Laboratorios/LAB_B19_Pipeline_Analytics_e_ML_Read_Only.md,B24-01,B19-09,B19-09,06_Progresso/B19_Checklist_e_Revisoes.md — 17/08/2026<br>,06_Progresso/B19_Checklist_e_Revisoes.md — 22/08/2026<br>,https://docs.aws.amazon.com/aws-certification/latest/solutions-architect-associate-03/solutions-architect-associate-03-domain2.html,2026-08-01,cobertura completa,—
2,26%,2.2,knowledge,"Basic networking concepts (for example, route tables)",B22,03_Guia_do_Estudante/Capitulos/B22_Segredos_Protecao_de_Aplicacoes_e_Fundamentos_VPC.md,Classificação da novidade: Regional NAT Gateway,6. Tabela de decisão,Cenário resolvido 3 — Três camadas,05_Laboratorios/LAB_B23_Roteamento_VPC_e_Hibrido_em_Diagrama.md,B10-01,B06-04,B07-03,06_Progresso/B22_Checklist_e_Revisoes.md — 21/08/2026<br>,06_Progresso/B22_Checklist_e_Revisoes.md — 26/08/2026<br>,https://docs.aws.amazon.com/aws-certification/latest/solutions-architect-associate-03/solutions-architect-associate-03-domain2.html,2026-08-01,cobertura completa,—
2,26%,2.2,knowledge,"Disaster recovery (DR) strategies (for example, backup and restore, pilot light, warm standby, active-active failover, recovery point objective [RPO], recovery time objective [RTO])",B24,03_Guia_do_Estudante/Capitulos/B24_Custos_de_Rede_DR_Migracao_e_Arquiteturas_Integradas.md,12. Recuperação ativa,6. Tabela de decisão,Cenário resolvido 1 — RTO de oito horas,05_Laboratorios/LAB_B24_Estrategias_DR_e_Migracao_em_Diagrama.md,B24-01,B03-05,B24-04,06_Progresso/B24_Checklist_e_Revisoes.md — 24/08/2026<br>,06_Progresso/B24_Checklist_e_Revisoes.md — 28/08/2026<br>,https://docs.aws.amazon.com/aws-certification/latest/solutions-architect-associate-03/solutions-architect-associate-03-domain2.html,2026-08-01,cobertura completa,—
2,26%,2.2,knowledge,Distributed design patterns,B18,03_Guia_do_Estudante/Capitulos/B18_Arquiteturas_Serverless_Bancos_e_Analytics.md,9.4 EMR,3. Arquiteturas serverless: componentes e trade-offs,,05_Laboratorios/LAB_B04_Inventario_EC2_ENI_EBS_e_AMI.md,,B20-07,B20-07,06_Progresso/B18_Checklist_e_Revisoes.md — 16/08/2026 cairia no domingo; revisão transferida para **17/08/2026**<br>,06_Progresso/B18_Checklist_e_Revisoes.md — 21/08/2026<br>,https://docs.aws.amazon.com/aws-certification/latest/solutions-architect-associate-03/solutions-architect-associate-03-domain2.html,2026-08-01,cobertura completa,—
2,26%,2.2,knowledge,Failover strategies,B10,03_Guia_do_Estudante/Capitulos/B10_Route53_Avancado_Arquiteturas_Classicas_e_Beanstalk.md,4. Failover routing,11. Tabela de decisão,Cenário resolvido 2 — site estático de manutenção,05_Laboratorios/LAB_B10_Failover_DNS_Hibrido_e_Beanstalk.md,B10-01,B17-10,B08-03,06_Progresso/B10_Checklist_e_Revisoes.md — 07/08/2026<br>,06_Progresso/B10_Checklist_e_Revisoes.md — 12/08/2026<br>,https://docs.aws.amazon.com/aws-certification/latest/solutions-architect-associate-03/solutions-architect-associate-03-domain2.html,2026-08-01,cobertura completa,—
2,26%,2.2,knowledge,Immutable infrastructure,B25,03_Guia_do_Estudante/Capitulos/B25_CloudFormation_Operacoes_Custos_e_Well_Architected.md,5.18 Ponto 18,6. Tabela de decisão,,05_Laboratorios/LAB_B25_Auditoria_Final_de_Custos_e_Cleanup.md,B25-01,B25-10,,06_Progresso/B25_Checklist_e_Revisoes.md — 24/08/2026<br>,06_Progresso/B25_Checklist_e_Revisoes.md — 29/08/2026<br>,https://docs.aws.amazon.com/aws-certification/latest/solutions-architect-associate-03/solutions-architect-associate-03-domain2.html,2026-08-01,cobertura completa,—
2,26%,2.2,knowledge,"Load balancing concepts (for example, ALB)",B06,03_Guia_do_Estudante/Capitulos/B06_ALB_NLB_GWLB_Target_Groups_e_Cross_Zone.md,7. GWLB,4. Tabela de decisão,Cenário resolvido 2 — allowlist e protocolo proprietário,05_Laboratorios/LAB_B06_Projeto_ALB_NLB_GWLB_Multi_AZ.md,B10-03,B06-04,B22-09,"06_Progresso/B06_Checklist_e_Revisoes.md — 02/08/2026 — domingo, sem estudo<br>",06_Progresso/B06_Checklist_e_Revisoes.md — 07/08/2026,https://docs.aws.amazon.com/aws-certification/latest/solutions-architect-associate-03/solutions-architect-associate-03-domain2.html,2026-08-01,cobertura completa,—
2,26%,2.2,knowledge,"Proxy concepts (for example, Amazon RDS Proxy)",B08,03_Guia_do_Estudante/Capitulos/B08_RDS_Aurora_RDS_Proxy_e_ElastiCache.md,9. RDS Proxy,12. Tabela de decisão,Cenário resolvido 3 — carga variável e conexões,05_Laboratorios/LAB_B08_Projeto_RDS_Privado_Aurora_Proxy_e_Cache.md,B08-02,B08-10,B16-04,06_Progresso/B08_Checklist_e_Revisoes.md — 05/08/2026<br>,06_Progresso/B08_Checklist_e_Revisoes.md — 10/08/2026<br>,https://docs.aws.amazon.com/aws-certification/latest/solutions-architect-associate-03/solutions-architect-associate-03-domain2.html,2026-08-01,cobertura completa,—
2,26%,2.2,knowledge,"Service quotas and throttling (for example, how to configure the service quotas for a workload in a standby environment)",B17,03_Guia_do_Estudante/Capitulos/B17_Serverless_VPC_DynamoDB_API_Gateway_Step_Functions_e_Cognito.md,5.2 Índices,,,05_Laboratorios/LAB_B17_API_Serverless_Lambda_DynamoDB.md,,B15-09,B15-09,06_Progresso/B17_Checklist_e_Revisoes.md — 15/08/2026<br>,06_Progresso/B17_Checklist_e_Revisoes.md — 20/08/2026<br>,https://docs.aws.amazon.com/aws-certification/latest/solutions-architect-associate-03/solutions-architect-associate-03-domain2.html,2026-08-01,cobertura completa,—
2,26%,2.2,knowledge,"Storage options and characteristics (for example, durability, replication)",B24,03_Guia_do_Estudante/Capitulos/B24_Custos_de_Rede_DR_Migracao_e_Arquiteturas_Integradas.md,5.4 Ponto 4,6. Tabela de decisão,Cenário resolvido 3 — Minutos de RTO,05_Laboratorios/LAB_B24_Estrategias_DR_e_Migracao_em_Diagrama.md,B08-01,B11-03,B24-04,06_Progresso/B24_Checklist_e_Revisoes.md — 24/08/2026<br>,06_Progresso/B24_Checklist_e_Revisoes.md — 28/08/2026<br>,https://docs.aws.amazon.com/aws-certification/latest/solutions-architect-associate-03/solutions-architect-associate-03-domain2.html,2026-08-01,cobertura completa,—
2,26%,2.2,knowledge,"Workload visibility (for example, AWS X-Ray)",B20,03_Guia_do_Estudante/Capitulos/B20_Observabilidade_Auditoria_Config_e_Organizations.md,5.9 Ponto 9,Cápsula de decisão — AWS X-Ray,Cenário resolvido 2 — Security group aberto,05_Laboratorios/LAB_B20_CloudWatch_CloudTrail_e_Config_Read_Only.md,B20-01,B20-07,B20-07,06_Progresso/B20_Checklist_e_Revisoes.md — 19/08/2026<br>,06_Progresso/B20_Checklist_e_Revisoes.md — 24/08/2026<br>,https://docs.aws.amazon.com/aws-certification/latest/solutions-architect-associate-03/solutions-architect-associate-03-domain2.html,2026-08-01,cobertura completa,—
2,26%,2.2,skill,Determining automation strategies to ensure infrastructure integrity,B25,03_Guia_do_Estudante/Capitulos/B25_CloudFormation_Operacoes_Custos_e_Well_Architected.md,5.18 Ponto 18,6. Tabela de decisão,,05_Laboratorios/LAB_B25_Auditoria_Final_de_Custos_e_Cleanup.md,B25-01,B25-10,,06_Progresso/B25_Checklist_e_Revisoes.md — 24/08/2026<br>,06_Progresso/B25_Checklist_e_Revisoes.md — 29/08/2026<br>,https://docs.aws.amazon.com/aws-certification/latest/solutions-architect-associate-03/solutions-architect-associate-03-domain2.html,2026-08-01,cobertura completa,—
2,26%,2.2,skill,Determining the AWS services required to provide a highly available and/or fault-tolerant architecture across AWS Regions or Availability Zones,B01,03_Guia_do_Estudante/Capitulos/B01_Infraestrutura_Global_Responsabilidade_e_IAM.md,3.2 Availability Zone (AZ),10. Tabela de decisão,Cenário resolvido 1 — Multi-AZ ou Multi-Region?,05_Laboratorios/LAB_B03_EC2_Web_Role_e_Cleanup.md,B01-01,B24-10,B04-08,06_Progresso/B01_Checklist_e_Revisoes.md — 27/07/2026  ,06_Progresso/B01_Checklist_e_Revisoes.md — 01/08/2026  ,https://docs.aws.amazon.com/aws-certification/latest/solutions-architect-associate-03/solutions-architect-associate-03-domain2.html,2026-08-01,cobertura completa,—
2,26%,2.2,skill,Identifying metrics based on business requirements to deliver a highly available solution,B14,03_Guia_do_Estudante/Capitulos/B14_SQS_SNS_Desacoplamento_e_Fanout.md,"4.1 Receive, visibility e delete",9. Tabela de decisão,Cenário resolvido 2 — tarefa de 8 minutos,05_Laboratorios/LAB_B14_SQS_SNS_Fanout_e_DLQ.md,B20-01,B14-09,B14-09,06_Progresso/B14_Checklist_e_Revisoes.md — 12/08/2026<br>,06_Progresso/B14_Checklist_e_Revisoes.md — 17/08/2026<br>,https://docs.aws.amazon.com/aws-certification/latest/solutions-architect-associate-03/solutions-architect-associate-03-domain2.html,2026-08-01,cobertura completa,—
2,26%,2.2,skill,Implementing designs to mitigate single points of failure,B01,03_Guia_do_Estudante/Capitulos/B01_Infraestrutura_Global_Responsabilidade_e_IAM.md,3.2 Availability Zone (AZ),10. Tabela de decisão,Cenário resolvido 1 — Multi-AZ ou Multi-Region?,05_Laboratorios/LAB_B06_Projeto_ALB_NLB_GWLB_Multi_AZ.md,B08-03,B08-09,B08-03,06_Progresso/B01_Checklist_e_Revisoes.md — 27/07/2026  ,06_Progresso/B01_Checklist_e_Revisoes.md — 01/08/2026  ,https://docs.aws.amazon.com/aws-certification/latest/solutions-architect-associate-03/solutions-architect-associate-03-domain2.html,2026-08-01,cobertura completa,—
2,26%,2.2,skill,"Implementing strategies to ensure the durability and availability of data (for example, backups)",B11,03_Guia_do_Estudante/Capitulos/B11_S3_Seguranca_Versioning_Replication_Classes_e_Eventos.md,8. Storage classes,,Cenário resolvido 3 — objeto “sumiu”,05_Laboratorios/LAB_B11_S3_Versioning_Lifecycle_e_Cleanup.md,B01-01,B04-08,B04-08,06_Progresso/B11_Checklist_e_Revisoes.md — 08/08/2026<br>,06_Progresso/B11_Checklist_e_Revisoes.md — 13/08/2026<br>,https://docs.aws.amazon.com/aws-certification/latest/solutions-architect-associate-03/solutions-architect-associate-03-domain2.html,2026-08-01,cobertura completa,—
2,26%,2.2,skill,Selecting an appropriate DR strategy to meet business requirements,B24,03_Guia_do_Estudante/Capitulos/B24_Custos_de_Rede_DR_Migracao_e_Arquiteturas_Integradas.md,5.8 Ponto 8,6. Tabela de decisão,Cenário resolvido 3 — Minutos de RTO,05_Laboratorios/LAB_B24_Estrategias_DR_e_Migracao_em_Diagrama.md,B24-01,B03-05,B24-04,06_Progresso/B24_Checklist_e_Revisoes.md — 24/08/2026<br>,06_Progresso/B24_Checklist_e_Revisoes.md — 28/08/2026<br>,https://docs.aws.amazon.com/aws-certification/latest/solutions-architect-associate-03/solutions-architect-associate-03-domain2.html,2026-08-01,cobertura completa,—
2,26%,2.2,skill,"Using AWS services that improve the reliability of legacy applications and applications not built for the cloud (for example, when application changes are not possible)",B15,03_Guia_do_Estudante/Capitulos/B15_Streaming_Amazon_MQ_e_ECS.md,11. Armadilhas e recuperação ativa,"5. Tabela de decisão — SQS, SNS, Kinesis, Firehose e Amazon MQ",Cenário resolvido 4 — migração JMS,05_Laboratorios/LAB_B15_Streaming_e_Inspecao_ECS.md,B15-02,,B15-04,06_Progresso/B15_Checklist_e_Revisoes.md — 13/08/2026<br>,06_Progresso/B15_Checklist_e_Revisoes.md — 18/08/2026<br>,https://docs.aws.amazon.com/aws-certification/latest/solutions-architect-associate-03/solutions-architect-associate-03-domain2.html,2026-08-01,cobertura completa,—
2,26%,2.2,skill,Using purpose-built AWS services for workloads,B18,03_Guia_do_Estudante/Capitulos/B18_Arquiteturas_Serverless_Bancos_e_Analytics.md,7. Bancos purpose-built,3. Arquiteturas serverless: componentes e trade-offs,Cenário resolvido 4 — fraude em rede,05_Laboratorios/LAB_B18_Arquitetura_Serverless_e_Matriz_de_Bancos.md,B18-01,B25-09,B25-09,06_Progresso/B18_Checklist_e_Revisoes.md — 16/08/2026 cairia no domingo; revisão transferida para **17/08/2026**<br>,06_Progresso/B18_Checklist_e_Revisoes.md — 21/08/2026<br>,https://docs.aws.amazon.com/aws-certification/latest/solutions-architect-associate-03/solutions-architect-associate-03-domain2.html,2026-08-01,cobertura completa,—
3,24%,3.1,knowledge,Hybrid storage solutions to meet business requirements,B13,03_Guia_do_Estudante/Capitulos/B13_Storage_Hibrido_FSx_DataSync_Transfer_e_Snow.md,5. Storage Gateway: continuidade de protocolo,7. Tabela de decisão consolidada,Cenário resolvido 3 — software de backup espera fitas,05_Laboratorios/LAB_B13_Desenho_de_Migracao_e_Storage_Hibrido.md,B13-02,B13-03,B13-03,06_Progresso/B13_Checklist_e_Revisoes.md — 10/08/2026<br>,06_Progresso/B13_Checklist_e_Revisoes.md — 15/08/2026<br>,https://docs.aws.amazon.com/aws-certification/latest/solutions-architect-associate-03/solutions-architect-associate-03-domain3.html,2026-08-01,cobertura completa,—
3,24%,3.1,knowledge,"Storage services with appropriate use cases (for example, Amazon S3, Amazon EFS, Amazon EBS)",B05,03_Guia_do_Estudante/Capitulos/B05_EBS_Instance_Store_EFS_e_Fundamentos_de_HA.md,4.1 Tipos EBS,12. Comparação de falhas,Cenário resolvido 2 — conteúdo compartilhado,05_Laboratorios/LAB_B05_EBS_Snapshot_Restore_e_Projeto_EFS.md,B13-02,B13-08,B13-08,06_Progresso/B05_Checklist_e_Revisoes.md — 01/08/2026<br>,06_Progresso/B05_Checklist_e_Revisoes.md — 06/08/2026<br>,https://docs.aws.amazon.com/aws-certification/latest/solutions-architect-associate-03/solutions-architect-associate-03-domain3.html,2026-08-01,cobertura completa,—
3,24%,3.1,knowledge,"Storage types with associated characteristics (for example, object, file, block)",B05,03_Guia_do_Estudante/Capitulos/B05_EBS_Instance_Store_EFS_e_Fundamentos_de_HA.md,4.3 Dimensionamento econômico de capacidade — tarefa 4.1,11. Decisões em camadas,,05_Laboratorios/LAB_B05_EBS_Snapshot_Restore_e_Projeto_EFS.md,B05-03,,B05-03,06_Progresso/B05_Checklist_e_Revisoes.md — 01/08/2026<br>,06_Progresso/B05_Checklist_e_Revisoes.md — 06/08/2026<br>,https://docs.aws.amazon.com/aws-certification/latest/solutions-architect-associate-03/solutions-architect-associate-03-domain3.html,2026-08-01,cobertura completa,—
3,24%,3.1,skill,Determining storage services and configurations that meet performance demands,B05,03_Guia_do_Estudante/Capitulos/B05_EBS_Instance_Store_EFS_e_Fundamentos_de_HA.md,4.1 Tipos EBS,11. Decisões em camadas,Cenário resolvido 2 — conteúdo compartilhado,05_Laboratorios/LAB_B05_EBS_Snapshot_Restore_e_Projeto_EFS.md,B13-02,B25-06,B05-08,06_Progresso/B05_Checklist_e_Revisoes.md — 01/08/2026<br>,06_Progresso/B05_Checklist_e_Revisoes.md — 06/08/2026<br>,https://docs.aws.amazon.com/aws-certification/latest/solutions-architect-associate-03/solutions-architect-associate-03-domain3.html,2026-08-01,cobertura completa,—
3,24%,3.1,skill,Determining storage services that can scale to accommodate future needs,B05,03_Guia_do_Estudante/Capitulos/B05_EBS_Instance_Store_EFS_e_Fundamentos_de_HA.md,4.1 Tipos EBS,12. Comparação de falhas,Cenário resolvido 2 — conteúdo compartilhado,05_Laboratorios/LAB_B05_EBS_Snapshot_Restore_e_Projeto_EFS.md,B07-03,B19-04,B05-08,06_Progresso/B05_Checklist_e_Revisoes.md — 01/08/2026<br>,06_Progresso/B05_Checklist_e_Revisoes.md — 06/08/2026<br>,https://docs.aws.amazon.com/aws-certification/latest/solutions-architect-associate-03/solutions-architect-associate-03-domain3.html,2026-08-01,cobertura completa,—
3,24%,3.2,knowledge,"AWS compute services with appropriate use cases (for example, AWS Batch, Amazon EMR, AWS Fargate)",B16,03_Guia_do_Estudante/Capitulos/B16_ECR_EKS_Lambda_Concurrency_SnapStart_e_Edge.md,4. EKS: quando Kubernetes é requisito,9. Tabela de decisão,Cenário resolvido 1 — “precisamos de containers”,05_Laboratorios/LAB_B16_Lambda_Minima_Logs_e_Cleanup.md,B16-01,B25-05,B15-07,06_Progresso/B16_Checklist_e_Revisoes.md — 14/08/2026<br>,06_Progresso/B16_Checklist_e_Revisoes.md — 19/08/2026<br>,https://docs.aws.amazon.com/aws-certification/latest/solutions-architect-associate-03/solutions-architect-associate-03-domain3.html,2026-08-01,cobertura completa,—
3,24%,3.2,knowledge,Distributed computing concepts supported by AWS global infrastructure and edge services,B01,03_Guia_do_Estudante/Capitulos/B01_Infraestrutura_Global_Responsabilidade_e_IAM.md,3.3 Edge location / point of presence (PoP),10. Tabela de decisão,Cenário resolvido 1 — Multi-AZ ou Multi-Region?,05_Laboratorios/LAB_B04_Inventario_EC2_ENI_EBS_e_AMI.md,B01-02,B24-09,B24-09,06_Progresso/B01_Checklist_e_Revisoes.md — 27/07/2026  ,06_Progresso/B01_Checklist_e_Revisoes.md — 01/08/2026  ,https://docs.aws.amazon.com/aws-certification/latest/solutions-architect-associate-03/solutions-architect-associate-03-domain3.html,2026-08-01,cobertura completa,—
3,24%,3.2,knowledge,"Queuing and messaging concepts (for example, publish/subscribe)",B14,03_Guia_do_Estudante/Capitulos/B14_SQS_SNS_Desacoplamento_e_Fanout.md,8. SNS e fan-out,9. Tabela de decisão,"Cenário resolvido 4 — três destinos, velocidades diferentes",05_Laboratorios/LAB_B14_SQS_SNS_Fanout_e_DLQ.md,B15-02,B25-05,B16-07,06_Progresso/B14_Checklist_e_Revisoes.md — 12/08/2026<br>,06_Progresso/B14_Checklist_e_Revisoes.md — 17/08/2026<br>,https://docs.aws.amazon.com/aws-certification/latest/solutions-architect-associate-03/solutions-architect-associate-03-domain3.html,2026-08-01,cobertura completa,—
3,24%,3.2,knowledge,"Scalability capabilities with appropriate use cases (for example, Amazon EC2 Auto Scaling, AWS Auto Scaling)",B07,03_Guia_do_Estudante/Capitulos/B07_TLS_ACM_Deregistration_e_Auto_Scaling.md,6. Políticas de escala,8. Tabela de decisão e trade-offs,Cenário resolvido 4 — fila como sinal,05_Laboratorios/LAB_B07_Simulacao_ALB_ASG_e_Eventos_de_Escala.md,B16-01,B25-05,B16-07,06_Progresso/B07_Checklist_e_Revisoes.md,06_Progresso/B07_Checklist_e_Revisoes.md,https://docs.aws.amazon.com/aws-certification/latest/solutions-architect-associate-03/solutions-architect-associate-03-domain3.html,2026-08-01,cobertura completa,—
3,24%,3.2,knowledge,"Serverless technologies and patterns (for example, AWS Lambda, Fargate)",B16,03_Guia_do_Estudante/Capitulos/B16_ECR_EKS_Lambda_Concurrency_SnapStart_e_Edge.md,5.2 Classificação das novidades de Lambda,Cenário resolvido 4 — redirect versus validação externa,Cenário resolvido 1 — “precisamos de containers”,05_Laboratorios/LAB_B16_Lambda_Minima_Logs_e_Cleanup.md,B16-01,B11-09,B16-07,06_Progresso/B16_Checklist_e_Revisoes.md — 14/08/2026<br>,06_Progresso/B16_Checklist_e_Revisoes.md — 19/08/2026<br>,https://docs.aws.amazon.com/aws-certification/latest/solutions-architect-associate-03/solutions-architect-associate-03-domain3.html,2026-08-01,cobertura completa,—
3,24%,3.2,knowledge,"The orchestration of containers (for example, Amazon ECS, Amazon EKS)",B16,03_Guia_do_Estudante/Capitulos/B16_ECR_EKS_Lambda_Concurrency_SnapStart_e_Edge.md,4. EKS: quando Kubernetes é requisito,9. Tabela de decisão,Cenário resolvido 1 — “precisamos de containers”,05_Laboratorios/LAB_B16_Lambda_Minima_Logs_e_Cleanup.md,B16-01,B25-05,B15-07,06_Progresso/B16_Checklist_e_Revisoes.md — 14/08/2026<br>,06_Progresso/B16_Checklist_e_Revisoes.md — 19/08/2026<br>,https://docs.aws.amazon.com/aws-certification/latest/solutions-architect-associate-03/solutions-architect-associate-03-domain3.html,2026-08-01,cobertura completa,—
3,24%,3.2,skill,Decoupling workloads so that components can scale independently,B14,03_Guia_do_Estudante/Capitulos/B14_SQS_SNS_Desacoplamento_e_Fanout.md,8. SNS e fan-out,9. Tabela de decisão,"Cenário resolvido 4 — três destinos, velocidades diferentes",05_Laboratorios/LAB_B14_SQS_SNS_Fanout_e_DLQ.md,B17-01,B25-05,B16-07,06_Progresso/B14_Checklist_e_Revisoes.md — 12/08/2026<br>,06_Progresso/B14_Checklist_e_Revisoes.md — 17/08/2026<br>,https://docs.aws.amazon.com/aws-certification/latest/solutions-architect-associate-03/solutions-architect-associate-03-domain3.html,2026-08-01,cobertura completa,—
3,24%,3.2,skill,Identifying metrics and conditions to perform scaling actions,B07,03_Guia_do_Estudante/Capitulos/B07_TLS_ACM_Deregistration_e_Auto_Scaling.md,6. Políticas de escala,8. Tabela de decisão e trade-offs,Cenário resolvido 4 — fila como sinal,05_Laboratorios/LAB_B07_Simulacao_ALB_ASG_e_Eventos_de_Escala.md,B17-01,B14-09,B14-09,06_Progresso/B07_Checklist_e_Revisoes.md,06_Progresso/B07_Checklist_e_Revisoes.md,https://docs.aws.amazon.com/aws-certification/latest/solutions-architect-associate-03/solutions-architect-associate-03-domain3.html,2026-08-01,cobertura completa,—
3,24%,3.2,skill,"Selecting the appropriate compute options and features (for example, EC2 instance types) to meet business requirements",B03,03_Guia_do_Estudante/Capitulos/B03_Conexao_EC2_Roles_e_Modelos_de_Compra.md,13.3 Diversificação,,,05_Laboratorios/LAB_B03_EC2_Web_Role_e_Cleanup.md,,B04-03,B04-03,06_Progresso/B03_Checklist_e_Revisoes.md — 30/07/2026  ,06_Progresso/B03_Checklist_e_Revisoes.md — 04/08/2026  ,https://docs.aws.amazon.com/aws-certification/latest/solutions-architect-associate-03/solutions-architect-associate-03-domain3.html,2026-08-01,cobertura completa,—
3,24%,3.2,skill,"Selecting the appropriate resource type and size (for example, the amount of Lambda memory) to meet business requirements",B17,03_Guia_do_Estudante/Capitulos/B17_Serverless_VPC_DynamoDB_API_Gateway_Step_Functions_e_Cognito.md,"4. RDS, Lambda e eventos",9. Tabela de decisão serverless,Cenário resolvido 4 — pedido com compensação,05_Laboratorios/LAB_B17_API_Serverless_Lambda_DynamoDB.md,B16-01,B16-07,B16-07,06_Progresso/B17_Checklist_e_Revisoes.md — 15/08/2026<br>,06_Progresso/B17_Checklist_e_Revisoes.md — 20/08/2026<br>,https://docs.aws.amazon.com/aws-certification/latest/solutions-architect-associate-03/solutions-architect-associate-03-domain3.html,2026-08-01,cobertura completa,—
3,24%,3.3,knowledge,"AWS global infrastructure (for example, Availability Zones, AWS Regions)",B01,03_Guia_do_Estudante/Capitulos/B01_Infraestrutura_Global_Responsabilidade_e_IAM.md,3.2 Availability Zone (AZ),10. Tabela de decisão,Cenário resolvido 1 — Multi-AZ ou Multi-Region?,05_Laboratorios/LAB_B03_EC2_Web_Role_e_Cleanup.md,B06-02,B24-10,B24-09,06_Progresso/B01_Checklist_e_Revisoes.md — 27/07/2026  ,06_Progresso/B01_Checklist_e_Revisoes.md — 01/08/2026  ,https://docs.aws.amazon.com/aws-certification/latest/solutions-architect-associate-03/solutions-architect-associate-03-domain3.html,2026-08-01,cobertura completa,—
3,24%,3.3,knowledge,"Caching strategies and services (for example, Amazon ElastiCache)",B08,03_Guia_do_Estudante/Capitulos/B08_RDS_Aurora_RDS_Proxy_e_ElastiCache.md,10. ElastiCache,12. Tabela de decisão,,05_Laboratorios/LAB_B08_Projeto_RDS_Privado_Aurora_Proxy_e_Cache.md,B10-03,B18-04,B18-04,06_Progresso/B08_Checklist_e_Revisoes.md — 05/08/2026<br>,06_Progresso/B08_Checklist_e_Revisoes.md — 10/08/2026<br>,https://docs.aws.amazon.com/aws-certification/latest/solutions-architect-associate-03/solutions-architect-associate-03-domain3.html,2026-08-01,cobertura completa,—
3,24%,3.3,knowledge,"Data access patterns (for example, read-intensive compared with write-intensive)",B11,03_Guia_do_Estudante/Capitulos/B11_S3_Seguranca_Versioning_Replication_Classes_e_Eventos.md,5. Static website hosting,,,05_Laboratorios/LAB_B01_Seguranca_da_Conta_IAM.md,B08-02,B08-08,B08-08,06_Progresso/B11_Checklist_e_Revisoes.md — 08/08/2026<br>,06_Progresso/B11_Checklist_e_Revisoes.md — 13/08/2026<br>,https://docs.aws.amazon.com/aws-certification/latest/solutions-architect-associate-03/solutions-architect-associate-03-domain3.html,2026-08-01,cobertura completa,—
3,24%,3.3,knowledge,"Database capacity planning (for example, capacity units, instance types, Provisioned IOPS)",B08,03_Guia_do_Estudante/Capitulos/B08_RDS_Aurora_RDS_Proxy_e_ElastiCache.md,6. Aurora,,,05_Laboratorios/LAB_B03_EC2_Web_Role_e_Cleanup.md,B12-01,B18-08,B05-08,06_Progresso/B08_Checklist_e_Revisoes.md — 05/08/2026<br>,06_Progresso/B08_Checklist_e_Revisoes.md — 10/08/2026<br>,https://docs.aws.amazon.com/aws-certification/latest/solutions-architect-associate-03/solutions-architect-associate-03-domain3.html,2026-08-01,cobertura completa,—
3,24%,3.3,knowledge,Database connections and proxies,B08,03_Guia_do_Estudante/Capitulos/B08_RDS_Aurora_RDS_Proxy_e_ElastiCache.md,9. RDS Proxy,12. Tabela de decisão,Cenário resolvido 3 — carga variável e conexões,05_Laboratorios/LAB_B08_Projeto_RDS_Privado_Aurora_Proxy_e_Cache.md,B08-02,B16-04,B16-04,06_Progresso/B08_Checklist_e_Revisoes.md — 05/08/2026<br>,06_Progresso/B08_Checklist_e_Revisoes.md — 10/08/2026<br>,https://docs.aws.amazon.com/aws-certification/latest/solutions-architect-associate-03/solutions-architect-associate-03-domain3.html,2026-08-01,cobertura completa,—
3,24%,3.3,knowledge,"Database engines with appropriate use cases (for example, heterogeneous migrations, homogeneous migrations)",B08,03_Guia_do_Estudante/Capitulos/B08_RDS_Aurora_RDS_Proxy_e_ElastiCache.md,11. Portas essenciais,12. Tabela de decisão,,05_Laboratorios/LAB_B08_Projeto_RDS_Privado_Aurora_Proxy_e_Cache.md,B19-01,B24-06,B24-04,06_Progresso/B08_Checklist_e_Revisoes.md — 05/08/2026<br>,06_Progresso/B08_Checklist_e_Revisoes.md — 10/08/2026<br>,https://docs.aws.amazon.com/aws-certification/latest/solutions-architect-associate-03/solutions-architect-associate-03-domain3.html,2026-08-01,cobertura completa,—
3,24%,3.3,knowledge,"Database replication (for example, read replicas)",B08,03_Guia_do_Estudante/Capitulos/B08_RDS_Aurora_RDS_Proxy_e_ElastiCache.md,9. RDS Proxy,4. Multi-AZ versus read replica,Cenário resolvido 1 — disponibilidade sem leitura extra,05_Laboratorios/LAB_B08_Projeto_RDS_Privado_Aurora_Proxy_e_Cache.md,B08-02,B08-08,B08-08,06_Progresso/B08_Checklist_e_Revisoes.md — 05/08/2026<br>,06_Progresso/B08_Checklist_e_Revisoes.md — 10/08/2026<br>,https://docs.aws.amazon.com/aws-certification/latest/solutions-architect-associate-03/solutions-architect-associate-03-domain3.html,2026-08-01,cobertura completa,—
3,24%,3.3,knowledge,"Database types and services (for example, serverless, relational compared with non-relational, in-memory)",B17,03_Guia_do_Estudante/Capitulos/B17_Serverless_VPC_DynamoDB_API_Gateway_Step_Functions_e_Cognito.md,5. DynamoDB: modele access patterns primeiro,9. Tabela de decisão serverless,Cenário resolvido 2 — carrinho global,05_Laboratorios/LAB_B17_API_Serverless_Lambda_DynamoDB.md,B18-01,B08-08,B08-08,06_Progresso/B17_Checklist_e_Revisoes.md — 15/08/2026<br>,06_Progresso/B17_Checklist_e_Revisoes.md — 20/08/2026<br>,https://docs.aws.amazon.com/aws-certification/latest/solutions-architect-associate-03/solutions-architect-associate-03-domain3.html,2026-08-01,cobertura completa,—
3,24%,3.3,skill,Configuring read replicas to meet business requirements,B08,03_Guia_do_Estudante/Capitulos/B08_RDS_Aurora_RDS_Proxy_e_ElastiCache.md,9. RDS Proxy,4. Multi-AZ versus read replica,Cenário resolvido 1 — disponibilidade sem leitura extra,05_Laboratorios/LAB_B08_Projeto_RDS_Privado_Aurora_Proxy_e_Cache.md,B08-02,B08-08,B08-08,06_Progresso/B08_Checklist_e_Revisoes.md — 05/08/2026<br>,06_Progresso/B08_Checklist_e_Revisoes.md — 10/08/2026<br>,https://docs.aws.amazon.com/aws-certification/latest/solutions-architect-associate-03/solutions-architect-associate-03-domain3.html,2026-08-01,cobertura completa,—
3,24%,3.3,skill,Designing database architectures,B18,03_Guia_do_Estudante/Capitulos/B18_Arquiteturas_Serverless_Bancos_e_Analytics.md,DynamoDB,8. OLTP versus OLAP,Cenário resolvido 4 — fraude em rede,05_Laboratorios/LAB_B18_Arquitetura_Serverless_e_Matriz_de_Bancos.md,B18-01,B18-04,B18-04,06_Progresso/B18_Checklist_e_Revisoes.md — 16/08/2026 cairia no domingo; revisão transferida para **17/08/2026**<br>,06_Progresso/B18_Checklist_e_Revisoes.md — 21/08/2026<br>,https://docs.aws.amazon.com/aws-certification/latest/solutions-architect-associate-03/solutions-architect-associate-03-domain3.html,2026-08-01,cobertura completa,—
3,24%,3.3,skill,"Determining an appropriate database engine (for example, MySQL compared with PostgreSQL)",B08,03_Guia_do_Estudante/Capitulos/B08_RDS_Aurora_RDS_Proxy_e_ElastiCache.md,11. Portas essenciais,12. Tabela de decisão,,05_Laboratorios/LAB_B08_Projeto_RDS_Privado_Aurora_Proxy_e_Cache.md,B19-01,,,06_Progresso/B08_Checklist_e_Revisoes.md — 05/08/2026<br>,06_Progresso/B08_Checklist_e_Revisoes.md — 10/08/2026<br>,https://docs.aws.amazon.com/aws-certification/latest/solutions-architect-associate-03/solutions-architect-associate-03-domain3.html,2026-08-01,cobertura completa,—
3,24%,3.3,skill,"Determining an appropriate database type (for example, Amazon Aurora, Amazon DynamoDB)",B17,03_Guia_do_Estudante/Capitulos/B17_Serverless_VPC_DynamoDB_API_Gateway_Step_Functions_e_Cognito.md,5. DynamoDB: modele access patterns primeiro,Cápsula de decisão — AWS AppSync,Cenário resolvido 2 — carrinho global,05_Laboratorios/LAB_B17_API_Serverless_Lambda_DynamoDB.md,B18-01,B18-04,B18-04,06_Progresso/B17_Checklist_e_Revisoes.md — 15/08/2026<br>,06_Progresso/B17_Checklist_e_Revisoes.md — 20/08/2026<br>,https://docs.aws.amazon.com/aws-certification/latest/solutions-architect-associate-03/solutions-architect-associate-03-domain3.html,2026-08-01,cobertura completa,—
3,24%,3.3,skill,Integrating caching to meet business requirements,B08,03_Guia_do_Estudante/Capitulos/B08_RDS_Aurora_RDS_Proxy_e_ElastiCache.md,10. ElastiCache,12. Tabela de decisão,,05_Laboratorios/LAB_B08_Projeto_RDS_Privado_Aurora_Proxy_e_Cache.md,B10-03,B18-04,B18-04,06_Progresso/B08_Checklist_e_Revisoes.md — 05/08/2026<br>,06_Progresso/B08_Checklist_e_Revisoes.md — 10/08/2026<br>,https://docs.aws.amazon.com/aws-certification/latest/solutions-architect-associate-03/solutions-architect-associate-03-domain3.html,2026-08-01,cobertura completa,—
3,24%,3.4,knowledge,"Edge networking services with appropriate use cases (for example, Amazon CloudFront, AWS Global Accelerator)",B12,03_Guia_do_Estudante/Capitulos/B12_S3_Seguranca_CloudFront_e_Global_Accelerator.md,7. CloudFront,Tabela de decisão — CloudFront versus Global Accelerator,Cenário resolvido 4 — jogo UDP com allowlist,05_Laboratorios/LAB_B12_S3_Presigned_URL_CORS_e_Arquitetura_Global.md,B01-02,B12-05,B25-04,06_Progresso/B12_Checklist_e_Revisoes.md — 09/08/2026 cairia no domingo; revisão transferida para **10/08/2026**<br>,06_Progresso/B12_Checklist_e_Revisoes.md — 14/08/2026<br>,https://docs.aws.amazon.com/aws-certification/latest/solutions-architect-associate-03/solutions-architect-associate-03-domain3.html,2026-08-01,cobertura completa,—
3,24%,3.4,knowledge,"How to design network architecture (for example, subnet tiers, routing, IP addressing)",B23,03_Guia_do_Estudante/Capitulos/B23_Redes_Avancadas_e_Conectividade_Hibrida.md,5.4 Ponto 4,Cápsula de decisão — AWS Client VPN,Cenário resolvido 2 — S3 privado,05_Laboratorios/LAB_B23_Roteamento_VPC_e_Hibrido_em_Diagrama.md,B23-01,B23-10,B23-09,06_Progresso/B23_Checklist_e_Revisoes.md — 22/08/2026<br>,06_Progresso/B23_Checklist_e_Revisoes.md — 27/08/2026<br>,https://docs.aws.amazon.com/aws-certification/latest/solutions-architect-associate-03/solutions-architect-associate-03-domain3.html,2026-08-01,cobertura completa,—
3,24%,3.4,knowledge,"Load balancing concepts (for example, Application Load Balancer)",B06,03_Guia_do_Estudante/Capitulos/B06_ALB_NLB_GWLB_Target_Groups_e_Cross_Zone.md,7. GWLB,4. Tabela de decisão,Cenário resolvido 2 — allowlist e protocolo proprietário,05_Laboratorios/LAB_B06_Projeto_ALB_NLB_GWLB_Multi_AZ.md,B10-03,B12-05,B10-08,"06_Progresso/B06_Checklist_e_Revisoes.md — 02/08/2026 — domingo, sem estudo<br>",06_Progresso/B06_Checklist_e_Revisoes.md — 07/08/2026,https://docs.aws.amazon.com/aws-certification/latest/solutions-architect-associate-03/solutions-architect-associate-03-domain3.html,2026-08-01,cobertura completa,—
3,24%,3.4,knowledge,"Network connection options (for example, AWS VPN, AWS Direct Connect, AWS PrivateLink)",B23,03_Guia_do_Estudante/Capitulos/B23_Redes_Avancadas_e_Conectividade_Hibrida.md,5.28 Ponto 28,Cápsula de decisão — AWS Client VPN,Cenário resolvido 3 — Dedicado e cifrado,05_Laboratorios/LAB_B23_Roteamento_VPC_e_Hibrido_em_Diagrama.md,B03-03,B23-09,B23-09,06_Progresso/B23_Checklist_e_Revisoes.md — 22/08/2026<br>,06_Progresso/B23_Checklist_e_Revisoes.md — 27/08/2026<br>,https://docs.aws.amazon.com/aws-certification/latest/solutions-architect-associate-03/solutions-architect-associate-03-domain3.html,2026-08-01,cobertura completa,—
3,24%,3.4,skill,"Creating a network topology for various architectures (for example, global, hybrid, multi-tier)",B23,03_Guia_do_Estudante/Capitulos/B23_Redes_Avancadas_e_Conectividade_Hibrida.md,5.9 Ponto 9,Cápsula de decisão — AWS Client VPN,Cenário resolvido 2 — S3 privado,05_Laboratorios/LAB_B23_Roteamento_VPC_e_Hibrido_em_Diagrama.md,B23-01,B23-10,B23-09,06_Progresso/B23_Checklist_e_Revisoes.md — 22/08/2026<br>,06_Progresso/B23_Checklist_e_Revisoes.md — 27/08/2026<br>,https://docs.aws.amazon.com/aws-certification/latest/solutions-architect-associate-03/solutions-architect-associate-03-domain3.html,2026-08-01,cobertura completa,—
3,24%,3.4,skill,Determining network configurations that can scale to accommodate future needs,B23,03_Guia_do_Estudante/Capitulos/B23_Redes_Avancadas_e_Conectividade_Hibrida.md,5.10 Ponto 10,,,05_Laboratorios/LAB_B23_Roteamento_VPC_e_Hibrido_em_Diagrama.md,B06-03,B23-08,B06-03,06_Progresso/B23_Checklist_e_Revisoes.md — 22/08/2026<br>,06_Progresso/B23_Checklist_e_Revisoes.md — 27/08/2026<br>,https://docs.aws.amazon.com/aws-certification/latest/solutions-architect-associate-03/solutions-architect-associate-03-domain3.html,2026-08-01,cobertura completa,—
3,24%,3.4,skill,Determining the appropriate placement of resources to meet business requirements,B22,03_Guia_do_Estudante/Capitulos/B22_Segredos_Protecao_de_Aplicacoes_e_Fundamentos_VPC.md,Classificação da novidade: Regional NAT Gateway,,Cenário resolvido 3 — Três camadas,,B01-02,,,06_Progresso/B22_Checklist_e_Revisoes.md — 21/08/2026<br>,06_Progresso/B22_Checklist_e_Revisoes.md — 26/08/2026<br>,https://docs.aws.amazon.com/aws-certification/latest/solutions-architect-associate-03/solutions-architect-associate-03-domain3.html,2026-08-01,cobertura completa,—
3,24%,3.4,skill,Selecting the appropriate load balancing strategy,B06,03_Guia_do_Estudante/Capitulos/B06_ALB_NLB_GWLB_Target_Groups_e_Cross_Zone.md,7. GWLB,4. Tabela de decisão,Cenário resolvido 2 — allowlist e protocolo proprietário,05_Laboratorios/LAB_B06_Projeto_ALB_NLB_GWLB_Multi_AZ.md,B10-03,B12-05,B10-08,"06_Progresso/B06_Checklist_e_Revisoes.md — 02/08/2026 — domingo, sem estudo<br>",06_Progresso/B06_Checklist_e_Revisoes.md — 07/08/2026,https://docs.aws.amazon.com/aws-certification/latest/solutions-architect-associate-03/solutions-architect-associate-03-domain3.html,2026-08-01,cobertura completa,—
3,24%,3.5,knowledge,"Data analytics and visualization services with appropriate use cases (for example, Amazon Athena, AWS Lake Formation, Amazon QuickSuite)",B19,03_Guia_do_Estudante/Capitulos/B19_Analytics_Streaming_e_Machine_Learning.md,5.14 Ponto 14,6. Tabela de decisão,Cenário resolvido 1 — Data lake de vendas,05_Laboratorios/LAB_B19_Pipeline_Analytics_e_ML_Read_Only.md,B19-01,B19-09,B19-09,06_Progresso/B19_Checklist_e_Revisoes.md — 17/08/2026<br>,06_Progresso/B19_Checklist_e_Revisoes.md — 22/08/2026<br>,https://docs.aws.amazon.com/aws-certification/latest/solutions-architect-associate-03/solutions-architect-associate-03-domain3.html,2026-08-01,cobertura completa,—
3,24%,3.5,knowledge,"Data ingestion patterns (for example, frequency)",B15,03_Guia_do_Estudante/Capitulos/B15_Streaming_Amazon_MQ_e_ECS.md,3.1 Capacity modes,"5. Tabela de decisão — SQS, SNS, Kinesis, Firehose e Amazon MQ",Cenário resolvido 2 — hot shard,05_Laboratorios/LAB_B15_Streaming_e_Inspecao_ECS.md,B15-02,B15-09,B15-09,06_Progresso/B15_Checklist_e_Revisoes.md — 13/08/2026<br>,06_Progresso/B15_Checklist_e_Revisoes.md — 18/08/2026<br>,https://docs.aws.amazon.com/aws-certification/latest/solutions-architect-associate-03/solutions-architect-associate-03-domain3.html,2026-08-01,cobertura completa,—
3,24%,3.5,knowledge,"Data transfer services with appropriate use cases (for example, AWS DataSync, AWS Storage Gateway)",B13,03_Guia_do_Estudante/Capitulos/B13_Storage_Hibrido_FSx_DataSync_Transfer_e_Snow.md,5. Storage Gateway: continuidade de protocolo,6.3 Online versus física,Cenário resolvido 3 — software de backup espera fitas,05_Laboratorios/LAB_B13_Desenho_de_Migracao_e_Storage_Hibrido.md,B13-02,B13-03,B13-03,06_Progresso/B13_Checklist_e_Revisoes.md — 10/08/2026<br>,06_Progresso/B13_Checklist_e_Revisoes.md — 15/08/2026<br>,https://docs.aws.amazon.com/aws-certification/latest/solutions-architect-associate-03/solutions-architect-associate-03-domain3.html,2026-08-01,cobertura completa,—
3,24%,3.5,knowledge,"Data transformation services with appropriate use cases (for example, AWS Glue)",B19,03_Guia_do_Estudante/Capitulos/B19_Analytics_Streaming_e_Machine_Learning.md,5.5 Ponto 5,6. Tabela de decisão,Cenário resolvido 2 — Fraude em eventos,05_Laboratorios/LAB_B19_Pipeline_Analytics_e_ML_Read_Only.md,B19-01,B19-09,B19-09,06_Progresso/B19_Checklist_e_Revisoes.md — 17/08/2026<br>,06_Progresso/B19_Checklist_e_Revisoes.md — 22/08/2026<br>,https://docs.aws.amazon.com/aws-certification/latest/solutions-architect-associate-03/solutions-architect-associate-03-domain3.html,2026-08-01,cobertura completa,—
3,24%,3.5,knowledge,Secure access to ingestion access points,B19,03_Guia_do_Estudante/Capitulos/B19_Analytics_Streaming_e_Machine_Learning.md,5.31 Ponto 31 — Secure access to ingestion access points,6.1 Comparação — segurança do ponto de ingestão,Cenário resolvido 4 — Ingestão privada cross-account,05_Laboratorios/LAB_B19_Pipeline_Analytics_e_ML_Read_Only.md,,B19-05,,06_Progresso/B19_Checklist_e_Revisoes.md — 17/08/2026<br>,06_Progresso/B19_Checklist_e_Revisoes.md — 22/08/2026<br>,https://docs.aws.amazon.com/aws-certification/latest/solutions-architect-associate-03/solutions-architect-associate-03-domain3.html,2026-08-01,cobertura completa,—
3,24%,3.5,knowledge,Sizes and speeds needed to meet business requirements,B15,03_Guia_do_Estudante/Capitulos/B15_Streaming_Amazon_MQ_e_ECS.md,3.1 Capacity modes,,Cenário resolvido 2 — hot shard,05_Laboratorios/LAB_B15_Streaming_e_Inspecao_ECS.md,B15-02,B15-09,B15-09,06_Progresso/B15_Checklist_e_Revisoes.md — 13/08/2026<br>,06_Progresso/B15_Checklist_e_Revisoes.md — 18/08/2026<br>,https://docs.aws.amazon.com/aws-certification/latest/solutions-architect-associate-03/solutions-architect-associate-03-domain3.html,2026-08-01,cobertura completa,—
3,24%,3.5,knowledge,"Streaming data services with appropriate use cases (for example, Amazon Kinesis)",B15,03_Guia_do_Estudante/Capitulos/B15_Streaming_Amazon_MQ_e_ECS.md,3. Kinesis Data Streams (KDS),"5. Tabela de decisão — SQS, SNS, Kinesis, Firehose e Amazon MQ",,05_Laboratorios/LAB_B15_Streaming_e_Inspecao_ECS.md,B15-01,B19-05,B19-04,06_Progresso/B15_Checklist_e_Revisoes.md — 13/08/2026<br>,06_Progresso/B15_Checklist_e_Revisoes.md — 18/08/2026<br>,https://docs.aws.amazon.com/aws-certification/latest/solutions-architect-associate-03/solutions-architect-associate-03-domain3.html,2026-08-01,cobertura completa,—
3,24%,3.5,skill,Building and securing data lakes,B19,03_Guia_do_Estudante/Capitulos/B19_Analytics_Streaming_e_Machine_Learning.md,5.7 Ponto 7,6. Tabela de decisão,Cenário resolvido 1 — Data lake de vendas,05_Laboratorios/LAB_B18_Arquitetura_Serverless_e_Matriz_de_Bancos.md,,B19-09,B19-09,06_Progresso/B19_Checklist_e_Revisoes.md — 17/08/2026<br>,06_Progresso/B19_Checklist_e_Revisoes.md — 22/08/2026<br>,https://docs.aws.amazon.com/aws-certification/latest/solutions-architect-associate-03/solutions-architect-associate-03-domain3.html,2026-08-01,cobertura completa,—
3,24%,3.5,skill,Designing data streaming architectures,B15,03_Guia_do_Estudante/Capitulos/B15_Streaming_Amazon_MQ_e_ECS.md,3. Kinesis Data Streams (KDS),"5. Tabela de decisão — SQS, SNS, Kinesis, Firehose e Amazon MQ",,05_Laboratorios/LAB_B15_Streaming_e_Inspecao_ECS.md,B15-01,B19-05,B19-04,06_Progresso/B15_Checklist_e_Revisoes.md — 13/08/2026<br>,06_Progresso/B15_Checklist_e_Revisoes.md — 18/08/2026<br>,https://docs.aws.amazon.com/aws-certification/latest/solutions-architect-associate-03/solutions-architect-associate-03-domain3.html,2026-08-01,cobertura completa,—
3,24%,3.5,skill,Designing data transfer solutions,B13,03_Guia_do_Estudante/Capitulos/B13_Storage_Hibrido_FSx_DataSync_Transfer_e_Snow.md,6.2 Transfer Family,6.3 Online versus física,Cenário resolvido 4 — fornecedor só usa SFTP,05_Laboratorios/LAB_B13_Desenho_de_Migracao_e_Storage_Hibrido.md,B13-02,B24-08,B13-03,06_Progresso/B13_Checklist_e_Revisoes.md — 10/08/2026<br>,06_Progresso/B13_Checklist_e_Revisoes.md — 15/08/2026<br>,https://docs.aws.amazon.com/aws-certification/latest/solutions-architect-associate-03/solutions-architect-associate-03-domain3.html,2026-08-01,cobertura completa,—
3,24%,3.5,skill,Implementing visualization strategies,B19,03_Guia_do_Estudante/Capitulos/B19_Analytics_Streaming_e_Machine_Learning.md,5.14 Ponto 14,6. Tabela de decisão,Cenário resolvido 1 — Data lake de vendas,05_Laboratorios/LAB_B19_Pipeline_Analytics_e_ML_Read_Only.md,B19-01,B19-09,B19-09,06_Progresso/B19_Checklist_e_Revisoes.md — 17/08/2026<br>,06_Progresso/B19_Checklist_e_Revisoes.md — 22/08/2026<br>,https://docs.aws.amazon.com/aws-certification/latest/solutions-architect-associate-03/solutions-architect-associate-03-domain3.html,2026-08-01,cobertura completa,—
3,24%,3.5,skill,"Selecting appropriate compute options for data processing (for example, Amazon EMR)",B18,03_Guia_do_Estudante/Capitulos/B18_Arquiteturas_Serverless_Bancos_e_Analytics.md,9.4 EMR,8. OLTP versus OLAP,Cenário resolvido 5 — três analytics,05_Laboratorios/LAB_B18_Arquitetura_Serverless_e_Matriz_de_Bancos.md,,B18-09,B18-09,06_Progresso/B18_Checklist_e_Revisoes.md — 16/08/2026 cairia no domingo; revisão transferida para **17/08/2026**<br>,06_Progresso/B18_Checklist_e_Revisoes.md — 21/08/2026<br>,https://docs.aws.amazon.com/aws-certification/latest/solutions-architect-associate-03/solutions-architect-associate-03-domain3.html,2026-08-01,cobertura completa,—
3,24%,3.5,skill,Selecting appropriate configurations for ingestion,B15,03_Guia_do_Estudante/Capitulos/B15_Streaming_Amazon_MQ_e_ECS.md,3.1 Capacity modes,"5. Tabela de decisão — SQS, SNS, Kinesis, Firehose e Amazon MQ",Cenário resolvido 2 — hot shard,05_Laboratorios/LAB_B15_Streaming_e_Inspecao_ECS.md,B15-02,B15-09,B15-09,06_Progresso/B15_Checklist_e_Revisoes.md — 13/08/2026<br>,06_Progresso/B15_Checklist_e_Revisoes.md — 18/08/2026<br>,https://docs.aws.amazon.com/aws-certification/latest/solutions-architect-associate-03/solutions-architect-associate-03-domain3.html,2026-08-01,cobertura completa,—
3,24%,3.5,skill,"Transforming data between formats (for example, .csv to .parquet)",B19,03_Guia_do_Estudante/Capitulos/B19_Analytics_Streaming_e_Machine_Learning.md,5.5 Ponto 5,6. Tabela de decisão,Cenário resolvido 2 — Fraude em eventos,05_Laboratorios/LAB_B19_Pipeline_Analytics_e_ML_Read_Only.md,B19-01,B19-09,B19-09,06_Progresso/B19_Checklist_e_Revisoes.md — 17/08/2026<br>,06_Progresso/B19_Checklist_e_Revisoes.md — 22/08/2026<br>,https://docs.aws.amazon.com/aws-certification/latest/solutions-architect-associate-03/solutions-architect-associate-03-domain3.html,2026-08-01,cobertura completa,—
4,20%,4.1,knowledge,"Access options (for example, an S3 bucket with Requester Pays object storage)",B11,03_Guia_do_Estudante/Capitulos/B11_S3_Seguranca_Versioning_Replication_Classes_e_Eventos.md,9. S3 Express One Zone,15. Tabela de decisão,Cenário resolvido 4 — histórico anterior,05_Laboratorios/LAB_B11_S3_Versioning_Lifecycle_e_Cleanup.md,B11-02,B11-08,B11-08,06_Progresso/B11_Checklist_e_Revisoes.md — 08/08/2026<br>,06_Progresso/B11_Checklist_e_Revisoes.md — 13/08/2026<br>,https://docs.aws.amazon.com/aws-certification/latest/solutions-architect-associate-03/solutions-architect-associate-03-domain4.html,2026-08-01,cobertura completa,—
4,20%,4.1,knowledge,"AWS cost management service features (for example, cost allocation tags, multi-account billing)",B25,03_Guia_do_Estudante/Capitulos/B25_CloudFormation_Operacoes_Custos_e_Well_Architected.md,5.31 Ponto 31,Cápsula de decisão — AWS Cost and Usage Report (CUR 2.0),Cenário resolvido 3 — Anomalia de custo,05_Laboratorios/LAB_B25_Auditoria_Final_de_Custos_e_Cleanup.md,B25-01,B11-08,B11-08,06_Progresso/B25_Checklist_e_Revisoes.md — 24/08/2026<br>,06_Progresso/B25_Checklist_e_Revisoes.md — 29/08/2026<br>,https://docs.aws.amazon.com/aws-certification/latest/solutions-architect-associate-03/solutions-architect-associate-03-domain4.html,2026-08-01,cobertura completa,—
4,20%,4.1,knowledge,"AWS cost management tools with appropriate use cases (for example, AWS Cost Explorer, AWS Budgets, AWS Cost and Usage Report)",B25,03_Guia_do_Estudante/Capitulos/B25_CloudFormation_Operacoes_Custos_e_Well_Architected.md,5.31 Ponto 31,Cápsula de decisão — AWS Cost and Usage Report (CUR 2.0),Cenário resolvido 3 — Anomalia de custo,05_Laboratorios/LAB_B25_Auditoria_Final_de_Custos_e_Cleanup.md,B02-03,B25-07,B02-03,06_Progresso/B25_Checklist_e_Revisoes.md — 24/08/2026<br>,06_Progresso/B25_Checklist_e_Revisoes.md — 29/08/2026<br>,https://docs.aws.amazon.com/aws-certification/latest/solutions-architect-associate-03/solutions-architect-associate-03-domain4.html,2026-08-01,cobertura completa,—
4,20%,4.1,knowledge,"AWS storage services with appropriate use cases (for example, Amazon FSx, Amazon EFS, Amazon S3, Amazon EBS)",B05,03_Guia_do_Estudante/Capitulos/B05_EBS_Instance_Store_EFS_e_Fundamentos_de_HA.md,4.1 Tipos EBS,12. Comparação de falhas,Cenário resolvido 2 — conteúdo compartilhado,05_Laboratorios/LAB_B05_EBS_Snapshot_Restore_e_Projeto_EFS.md,B22-01,B11-08,B11-08,06_Progresso/B05_Checklist_e_Revisoes.md — 01/08/2026<br>,06_Progresso/B05_Checklist_e_Revisoes.md — 06/08/2026<br>,https://docs.aws.amazon.com/aws-certification/latest/solutions-architect-associate-03/solutions-architect-associate-03-domain4.html,2026-08-01,cobertura completa,—
4,20%,4.1,knowledge,Backup strategies,B11,03_Guia_do_Estudante/Capitulos/B11_S3_Seguranca_Versioning_Replication_Classes_e_Eventos.md,8. Storage classes,,Cenário resolvido 3 — objeto “sumiu”,05_Laboratorios/LAB_B11_S3_Versioning_Lifecycle_e_Cleanup.md,B24-01,B05-09,B24-04,06_Progresso/B11_Checklist_e_Revisoes.md — 08/08/2026<br>,06_Progresso/B11_Checklist_e_Revisoes.md — 13/08/2026<br>,https://docs.aws.amazon.com/aws-certification/latest/solutions-architect-associate-03/solutions-architect-associate-03-domain4.html,2026-08-01,cobertura completa,—
4,20%,4.1,knowledge,"Block storage options (for example, hard disk drive [HDD] volume types, solid state drive [SSD] volume types)",B05,03_Guia_do_Estudante/Capitulos/B05_EBS_Instance_Store_EFS_e_Fundamentos_de_HA.md,4.3 Dimensionamento econômico de capacidade — tarefa 4.1,11. Decisões em camadas,,05_Laboratorios/LAB_B05_EBS_Snapshot_Restore_e_Projeto_EFS.md,B11-02,,B05-03,06_Progresso/B05_Checklist_e_Revisoes.md — 01/08/2026<br>,06_Progresso/B05_Checklist_e_Revisoes.md — 06/08/2026<br>,https://docs.aws.amazon.com/aws-certification/latest/solutions-architect-associate-03/solutions-architect-associate-03-domain4.html,2026-08-01,cobertura completa,—
4,20%,4.1,knowledge,Data lifecycles,B11,03_Guia_do_Estudante/Capitulos/B11_S3_Seguranca_Versioning_Replication_Classes_e_Eventos.md,10. Lifecycle,15. Tabela de decisão,Cenário resolvido 5 — cópia recriável,05_Laboratorios/LAB_B11_S3_Versioning_Lifecycle_e_Cleanup.md,B19-01,B24-07,B15-09,06_Progresso/B11_Checklist_e_Revisoes.md — 08/08/2026<br>,06_Progresso/B11_Checklist_e_Revisoes.md — 13/08/2026<br>,https://docs.aws.amazon.com/aws-certification/latest/solutions-architect-associate-03/solutions-architect-associate-03-domain4.html,2026-08-01,cobertura completa,—
4,20%,4.1,knowledge,"Hybrid storage options (for example, AWS DataSync, AWS Transfer Family, AWS Storage Gateway)",B13,03_Guia_do_Estudante/Capitulos/B13_Storage_Hibrido_FSx_DataSync_Transfer_e_Snow.md,5. Storage Gateway: continuidade de protocolo,6.3 Online versus física,Cenário resolvido 3 — software de backup espera fitas,05_Laboratorios/LAB_B13_Desenho_de_Migracao_e_Storage_Hibrido.md,B13-02,B13-03,B13-03,06_Progresso/B13_Checklist_e_Revisoes.md — 10/08/2026<br>,06_Progresso/B13_Checklist_e_Revisoes.md — 15/08/2026<br>,https://docs.aws.amazon.com/aws-certification/latest/solutions-architect-associate-03/solutions-architect-associate-03-domain4.html,2026-08-01,cobertura completa,—
4,20%,4.1,knowledge,Storage access patterns,B11,03_Guia_do_Estudante/Capitulos/B11_S3_Seguranca_Versioning_Replication_Classes_e_Eventos.md,11. Requester Pays,15. Tabela de decisão,,,B11-02,B11-08,B11-08,06_Progresso/B11_Checklist_e_Revisoes.md — 08/08/2026<br>,06_Progresso/B11_Checklist_e_Revisoes.md — 13/08/2026<br>,https://docs.aws.amazon.com/aws-certification/latest/solutions-architect-associate-03/solutions-architect-associate-03-domain4.html,2026-08-01,cobertura completa,—
4,20%,4.1,knowledge,"Storage tiering (for example, cold tiering for object storage)",B11,03_Guia_do_Estudante/Capitulos/B11_S3_Seguranca_Versioning_Replication_Classes_e_Eventos.md,10. Lifecycle,15. Tabela de decisão,Cenário resolvido 5 — cópia recriável,05_Laboratorios/LAB_B11_S3_Versioning_Lifecycle_e_Cleanup.md,B19-01,B20-08,B15-09,06_Progresso/B11_Checklist_e_Revisoes.md — 08/08/2026<br>,06_Progresso/B11_Checklist_e_Revisoes.md — 13/08/2026<br>,https://docs.aws.amazon.com/aws-certification/latest/solutions-architect-associate-03/solutions-architect-associate-03-domain4.html,2026-08-01,cobertura completa,—
4,20%,4.1,knowledge,"Storage types with associated characteristics (for example, object, file, block)",B05,03_Guia_do_Estudante/Capitulos/B05_EBS_Instance_Store_EFS_e_Fundamentos_de_HA.md,4.3 Dimensionamento econômico de capacidade — tarefa 4.1,11. Decisões em camadas,,05_Laboratorios/LAB_B05_EBS_Snapshot_Restore_e_Projeto_EFS.md,B11-02,,B05-03,06_Progresso/B05_Checklist_e_Revisoes.md — 01/08/2026<br>,06_Progresso/B05_Checklist_e_Revisoes.md — 06/08/2026<br>,https://docs.aws.amazon.com/aws-certification/latest/solutions-architect-associate-03/solutions-architect-associate-03-domain4.html,2026-08-01,cobertura completa,—
4,20%,4.1,skill,"Designing appropriate storage strategies (for example, batch uploads to Amazon S3 compared with individual uploads)",B11,03_Guia_do_Estudante/Capitulos/B11_S3_Seguranca_Versioning_Replication_Classes_e_Eventos.md,9. S3 Express One Zone,15. Tabela de decisão,Cenário resolvido 4 — histórico anterior,05_Laboratorios/LAB_B11_S3_Versioning_Lifecycle_e_Cleanup.md,B11-02,B11-08,B11-08,06_Progresso/B11_Checklist_e_Revisoes.md — 08/08/2026<br>,06_Progresso/B11_Checklist_e_Revisoes.md — 13/08/2026<br>,https://docs.aws.amazon.com/aws-certification/latest/solutions-architect-associate-03/solutions-architect-associate-03-domain4.html,2026-08-01,cobertura completa,—
4,20%,4.1,skill,Determining the correct storage size for a workload,B05,03_Guia_do_Estudante/Capitulos/B05_EBS_Instance_Store_EFS_e_Fundamentos_de_HA.md,4.3 Dimensionamento econômico de capacidade — tarefa 4.1,,,05_Laboratorios/LAB_B05_EBS_Snapshot_Restore_e_Projeto_EFS.md,,B05-09,,06_Progresso/B05_Checklist_e_Revisoes.md — 01/08/2026<br>,06_Progresso/B05_Checklist_e_Revisoes.md — 06/08/2026<br>,https://docs.aws.amazon.com/aws-certification/latest/solutions-architect-associate-03/solutions-architect-associate-03-domain4.html,2026-08-01,cobertura completa,—
4,20%,4.1,skill,Determining the lowest cost method of transferring data for a workload to AWS storage,B13,03_Guia_do_Estudante/Capitulos/B13_Storage_Hibrido_FSx_DataSync_Transfer_e_Snow.md,5. Storage Gateway: continuidade de protocolo,6.3 Online versus física,Cenário resolvido 4 — fornecedor só usa SFTP,05_Laboratorios/LAB_B13_Desenho_de_Migracao_e_Storage_Hibrido.md,B13-02,B24-08,B13-03,06_Progresso/B13_Checklist_e_Revisoes.md — 10/08/2026<br>,06_Progresso/B13_Checklist_e_Revisoes.md — 15/08/2026<br>,https://docs.aws.amazon.com/aws-certification/latest/solutions-architect-associate-03/solutions-architect-associate-03-domain4.html,2026-08-01,cobertura completa,—
4,20%,4.1,skill,Determining when storage auto scaling is required,B07,03_Guia_do_Estudante/Capitulos/B07_TLS_ACM_Deregistration_e_Auto_Scaling.md,6. Políticas de escala,8. Tabela de decisão e trade-offs,Cenário resolvido 4 — fila como sinal,05_Laboratorios/LAB_B07_Simulacao_ALB_ASG_e_Eventos_de_Escala.md,B07-03,B19-04,B24-04,06_Progresso/B07_Checklist_e_Revisoes.md,06_Progresso/B07_Checklist_e_Revisoes.md,https://docs.aws.amazon.com/aws-certification/latest/solutions-architect-associate-03/solutions-architect-associate-03-domain4.html,2026-08-01,cobertura completa,—
4,20%,4.1,skill,Managing S3 object lifecycles,B11,03_Guia_do_Estudante/Capitulos/B11_S3_Seguranca_Versioning_Replication_Classes_e_Eventos.md,9. S3 Express One Zone,15. Tabela de decisão,Cenário resolvido 4 — histórico anterior,05_Laboratorios/LAB_B11_S3_Versioning_Lifecycle_e_Cleanup.md,B19-01,B20-08,B15-09,06_Progresso/B11_Checklist_e_Revisoes.md — 08/08/2026<br>,06_Progresso/B11_Checklist_e_Revisoes.md — 13/08/2026<br>,https://docs.aws.amazon.com/aws-certification/latest/solutions-architect-associate-03/solutions-architect-associate-03-domain4.html,2026-08-01,cobertura completa,—
4,20%,4.1,skill,Selecting the appropriate backup and/or archival solution,B11,03_Guia_do_Estudante/Capitulos/B11_S3_Seguranca_Versioning_Replication_Classes_e_Eventos.md,8. Storage classes,,Cenário resolvido 3 — objeto “sumiu”,05_Laboratorios/LAB_B11_S3_Versioning_Lifecycle_e_Cleanup.md,B24-01,B05-09,B24-04,06_Progresso/B11_Checklist_e_Revisoes.md — 08/08/2026<br>,06_Progresso/B11_Checklist_e_Revisoes.md — 13/08/2026<br>,https://docs.aws.amazon.com/aws-certification/latest/solutions-architect-associate-03/solutions-architect-associate-03-domain4.html,2026-08-01,cobertura completa,—
4,20%,4.1,skill,Selecting the appropriate service for data migration to storage services,B13,03_Guia_do_Estudante/Capitulos/B13_Storage_Hibrido_FSx_DataSync_Transfer_e_Snow.md,4. Amazon FSx,7. Tabela de decisão consolidada,Cenário resolvido 1 — render farm e S3,05_Laboratorios/LAB_B13_Desenho_de_Migracao_e_Storage_Hibrido.md,B22-01,B13-08,B13-08,06_Progresso/B13_Checklist_e_Revisoes.md — 10/08/2026<br>,06_Progresso/B13_Checklist_e_Revisoes.md — 15/08/2026<br>,https://docs.aws.amazon.com/aws-certification/latest/solutions-architect-associate-03/solutions-architect-associate-03-domain4.html,2026-08-01,cobertura completa,—
4,20%,4.1,skill,Selecting the appropriate storage tier,B11,03_Guia_do_Estudante/Capitulos/B11_S3_Seguranca_Versioning_Replication_Classes_e_Eventos.md,10. Lifecycle,15. Tabela de decisão,Cenário resolvido 5 — cópia recriável,05_Laboratorios/LAB_B11_S3_Versioning_Lifecycle_e_Cleanup.md,B19-01,B20-08,B15-09,06_Progresso/B11_Checklist_e_Revisoes.md — 08/08/2026<br>,06_Progresso/B11_Checklist_e_Revisoes.md — 13/08/2026<br>,https://docs.aws.amazon.com/aws-certification/latest/solutions-architect-associate-03/solutions-architect-associate-03-domain4.html,2026-08-01,cobertura completa,—
4,20%,4.1,skill,Selecting the correct data lifecycle for storage,B11,03_Guia_do_Estudante/Capitulos/B11_S3_Seguranca_Versioning_Replication_Classes_e_Eventos.md,10. Lifecycle,15. Tabela de decisão,Cenário resolvido 5 — cópia recriável,05_Laboratorios/LAB_B11_S3_Versioning_Lifecycle_e_Cleanup.md,B19-01,B20-08,B15-09,06_Progresso/B11_Checklist_e_Revisoes.md — 08/08/2026<br>,06_Progresso/B11_Checklist_e_Revisoes.md — 13/08/2026<br>,https://docs.aws.amazon.com/aws-certification/latest/solutions-architect-associate-03/solutions-architect-associate-03-domain4.html,2026-08-01,cobertura completa,—
4,20%,4.1,skill,Selecting the most cost-effective storage service for a workload,B05,03_Guia_do_Estudante/Capitulos/B05_EBS_Instance_Store_EFS_e_Fundamentos_de_HA.md,4.1 Tipos EBS,12. Comparação de falhas,Cenário resolvido 2 — conteúdo compartilhado,05_Laboratorios/LAB_B05_EBS_Snapshot_Restore_e_Projeto_EFS.md,B22-01,B11-08,B11-08,06_Progresso/B05_Checklist_e_Revisoes.md — 01/08/2026<br>,06_Progresso/B05_Checklist_e_Revisoes.md — 06/08/2026<br>,https://docs.aws.amazon.com/aws-certification/latest/solutions-architect-associate-03/solutions-architect-associate-03-domain4.html,2026-08-01,cobertura completa,—
4,20%,4.2,knowledge,"AWS cost management service features (for example, cost allocation tags, multi-account billing)",B25,03_Guia_do_Estudante/Capitulos/B25_CloudFormation_Operacoes_Custos_e_Well_Architected.md,5.31 Ponto 31,Cápsula de decisão — AWS Cost and Usage Report (CUR 2.0),Cenário resolvido 3 — Anomalia de custo,05_Laboratorios/LAB_B25_Auditoria_Final_de_Custos_e_Cleanup.md,B25-01,B25-07,B22-04,06_Progresso/B25_Checklist_e_Revisoes.md — 24/08/2026<br>,06_Progresso/B25_Checklist_e_Revisoes.md — 29/08/2026<br>,https://docs.aws.amazon.com/aws-certification/latest/solutions-architect-associate-03/solutions-architect-associate-03-domain4.html,2026-08-01,cobertura completa,—
4,20%,4.2,knowledge,"AWS cost management tools with appropriate use cases (for example, AWS Cost Explorer, AWS Budgets, AWS Cost and Usage Report)",B25,03_Guia_do_Estudante/Capitulos/B25_CloudFormation_Operacoes_Custos_e_Well_Architected.md,5.31 Ponto 31,Cápsula de decisão — AWS Cost and Usage Report (CUR 2.0),Cenário resolvido 3 — Anomalia de custo,05_Laboratorios/LAB_B25_Auditoria_Final_de_Custos_e_Cleanup.md,B02-03,B25-07,B02-03,06_Progresso/B25_Checklist_e_Revisoes.md — 24/08/2026<br>,06_Progresso/B25_Checklist_e_Revisoes.md — 29/08/2026<br>,https://docs.aws.amazon.com/aws-certification/latest/solutions-architect-associate-03/solutions-architect-associate-03-domain4.html,2026-08-01,cobertura completa,—
4,20%,4.2,knowledge,"AWS global infrastructure (for example, Availability Zones, AWS Regions)",B01,03_Guia_do_Estudante/Capitulos/B01_Infraestrutura_Global_Responsabilidade_e_IAM.md,3.2 Availability Zone (AZ),10. Tabela de decisão,Cenário resolvido 1 — Multi-AZ ou Multi-Region?,05_Laboratorios/LAB_B03_EC2_Web_Role_e_Cleanup.md,B06-02,B07-10,B03-08,06_Progresso/B01_Checklist_e_Revisoes.md — 27/07/2026  ,06_Progresso/B01_Checklist_e_Revisoes.md — 01/08/2026  ,https://docs.aws.amazon.com/aws-certification/latest/solutions-architect-associate-03/solutions-architect-associate-03-domain4.html,2026-08-01,cobertura completa,—
4,20%,4.2,knowledge,"AWS purchasing options (for example, Spot Instances, Reserved Instances, Savings Plans)",B03,03_Guia_do_Estudante/Capitulos/B03_Conexao_EC2_Roles_e_Modelos_de_Compra.md,13.4 Atualização sobre Spot Fleet,12.2 Regional versus zonal,Cenário resolvido 5 — checkout e desenvolvimento,05_Laboratorios/LAB_B03_EC2_Web_Role_e_Cleanup.md,,B03-08,B03-08,06_Progresso/B03_Checklist_e_Revisoes.md — 30/07/2026  ,06_Progresso/B03_Checklist_e_Revisoes.md — 04/08/2026  ,https://docs.aws.amazon.com/aws-certification/latest/solutions-architect-associate-03/solutions-architect-associate-03-domain4.html,2026-08-01,cobertura completa,—
4,20%,4.2,knowledge,"Distributed compute strategies (for example, edge processing)",B03,03_Guia_do_Estudante/Capitulos/B03_Conexao_EC2_Roles_e_Modelos_de_Compra.md,13.1 Workloads adequados,,,05_Laboratorios/LAB_B04_Inventario_EC2_ENI_EBS_e_AMI.md,B16-01,B25-05,B25-04,06_Progresso/B03_Checklist_e_Revisoes.md — 30/07/2026  ,06_Progresso/B03_Checklist_e_Revisoes.md — 04/08/2026  ,https://docs.aws.amazon.com/aws-certification/latest/solutions-architect-associate-03/solutions-architect-associate-03-domain4.html,2026-08-01,cobertura completa,—
4,20%,4.2,knowledge,"Hybrid compute options (for example, AWS Outposts)",B25,03_Guia_do_Estudante/Capitulos/B25_CloudFormation_Operacoes_Custos_e_Well_Architected.md,5.27 Ponto 27,,,05_Laboratorios/LAB_B25_Auditoria_Final_de_Custos_e_Cleanup.md,,B25-06,,06_Progresso/B25_Checklist_e_Revisoes.md — 24/08/2026<br>,06_Progresso/B25_Checklist_e_Revisoes.md — 29/08/2026<br>,https://docs.aws.amazon.com/aws-certification/latest/solutions-architect-associate-03/solutions-architect-associate-03-domain4.html,2026-08-01,cobertura completa,—
4,20%,4.2,knowledge,"Instance types, families, and sizes (for example, memory optimized, compute optimized, virtualization)",B03,03_Guia_do_Estudante/Capitulos/B03_Conexao_EC2_Roles_e_Modelos_de_Compra.md,13.3 Diversificação,,,05_Laboratorios/LAB_B03_EC2_Web_Role_e_Cleanup.md,,B25-09,B25-09,06_Progresso/B03_Checklist_e_Revisoes.md — 30/07/2026  ,06_Progresso/B03_Checklist_e_Revisoes.md — 04/08/2026  ,https://docs.aws.amazon.com/aws-certification/latest/solutions-architect-associate-03/solutions-architect-associate-03-domain4.html,2026-08-01,cobertura completa,—
4,20%,4.2,knowledge,"Optimization of compute utilization (for example, containers, serverless computing, microservices)",B25,03_Guia_do_Estudante/Capitulos/B25_CloudFormation_Operacoes_Custos_e_Well_Architected.md,5.27 Ponto 27,Cápsula de decisão — AWS Compute Optimizer,,05_Laboratorios/LAB_B16_Lambda_Minima_Logs_e_Cleanup.md,B16-01,B15-08,B25-09,06_Progresso/B25_Checklist_e_Revisoes.md — 24/08/2026<br>,06_Progresso/B25_Checklist_e_Revisoes.md — 29/08/2026<br>,https://docs.aws.amazon.com/aws-certification/latest/solutions-architect-associate-03/solutions-architect-associate-03-domain4.html,2026-08-01,cobertura completa,—
4,20%,4.2,knowledge,"Scaling strategies (for example, auto scaling, hibernation)",B07,03_Guia_do_Estudante/Capitulos/B07_TLS_ACM_Deregistration_e_Auto_Scaling.md,6. Políticas de escala,8. Tabela de decisão e trade-offs,Cenário resolvido 4 — fila como sinal,05_Laboratorios/LAB_B07_Simulacao_ALB_ASG_e_Eventos_de_Escala.md,B17-01,B10-10,B24-04,06_Progresso/B07_Checklist_e_Revisoes.md,06_Progresso/B07_Checklist_e_Revisoes.md,https://docs.aws.amazon.com/aws-certification/latest/solutions-architect-associate-03/solutions-architect-associate-03-domain4.html,2026-08-01,cobertura completa,—
4,20%,4.2,skill,"Determining an appropriate load balancing strategy (for example, Application Load Balancer [Layer 7] compared with Network Load Balancer [Layer 4] compared with Gateway Load Balancer)",B06,03_Guia_do_Estudante/Capitulos/B06_ALB_NLB_GWLB_Target_Groups_e_Cross_Zone.md,7. GWLB,4. Tabela de decisão,Cenário resolvido 2 — allowlist e protocolo proprietário,05_Laboratorios/LAB_B06_Projeto_ALB_NLB_GWLB_Multi_AZ.md,B10-03,B10-10,B22-09,"06_Progresso/B06_Checklist_e_Revisoes.md — 02/08/2026 — domingo, sem estudo<br>",06_Progresso/B06_Checklist_e_Revisoes.md — 07/08/2026,https://docs.aws.amazon.com/aws-certification/latest/solutions-architect-associate-03/solutions-architect-associate-03-domain4.html,2026-08-01,cobertura completa,—
4,20%,4.2,skill,"Determining appropriate scaling methods and strategies for elastic workloads (for example, horizontal compared with vertical, EC2 hibernation)",B07,03_Guia_do_Estudante/Capitulos/B07_TLS_ACM_Deregistration_e_Auto_Scaling.md,6. Políticas de escala,8. Tabela de decisão e trade-offs,Cenário resolvido 4 — fila como sinal,05_Laboratorios/LAB_B07_Simulacao_ALB_ASG_e_Eventos_de_Escala.md,B16-01,B10-10,B18-07,06_Progresso/B07_Checklist_e_Revisoes.md,06_Progresso/B07_Checklist_e_Revisoes.md,https://docs.aws.amazon.com/aws-certification/latest/solutions-architect-associate-03/solutions-architect-associate-03-domain4.html,2026-08-01,cobertura completa,—
4,20%,4.2,skill,"Determining cost-effective AWS compute services with appropriate use cases (for example, AWS Lambda, Amazon EC2, AWS Fargate)",B25,03_Guia_do_Estudante/Capitulos/B25_CloudFormation_Operacoes_Custos_e_Well_Architected.md,5.27 Ponto 27,Cápsula de decisão — AWS Compute Optimizer,,05_Laboratorios/LAB_B16_Lambda_Minima_Logs_e_Cleanup.md,B16-01,B11-09,B20-07,06_Progresso/B25_Checklist_e_Revisoes.md — 24/08/2026<br>,06_Progresso/B25_Checklist_e_Revisoes.md — 29/08/2026<br>,https://docs.aws.amazon.com/aws-certification/latest/solutions-architect-associate-03/solutions-architect-associate-03-domain4.html,2026-08-01,cobertura completa,—
4,20%,4.2,skill,"Determining the required availability for different classes of workloads (for example, production workloads, non-production workloads)",B03,03_Guia_do_Estudante/Capitulos/B03_Conexao_EC2_Roles_e_Modelos_de_Compra.md,16. Disponibilidade por classe de workload — tarefa 4.2,,Cenário resolvido 5 — checkout e desenvolvimento,05_Laboratorios/LAB_B03_EC2_Web_Role_e_Cleanup.md,,B03-05,,06_Progresso/B03_Checklist_e_Revisoes.md — 30/07/2026  ,06_Progresso/B03_Checklist_e_Revisoes.md — 04/08/2026  ,https://docs.aws.amazon.com/aws-certification/latest/solutions-architect-associate-03/solutions-architect-associate-03-domain4.html,2026-08-01,cobertura completa,—
4,20%,4.2,skill,Selecting the appropriate instance family for a workload,B03,03_Guia_do_Estudante/Capitulos/B03_Conexao_EC2_Roles_e_Modelos_de_Compra.md,13.3 Diversificação,,,05_Laboratorios/LAB_B03_EC2_Web_Role_e_Cleanup.md,,B25-09,B25-09,06_Progresso/B03_Checklist_e_Revisoes.md — 30/07/2026  ,06_Progresso/B03_Checklist_e_Revisoes.md — 04/08/2026  ,https://docs.aws.amazon.com/aws-certification/latest/solutions-architect-associate-03/solutions-architect-associate-03-domain4.html,2026-08-01,cobertura completa,—
4,20%,4.2,skill,Selecting the appropriate instance size for a workload,B03,03_Guia_do_Estudante/Capitulos/B03_Conexao_EC2_Roles_e_Modelos_de_Compra.md,13.3 Diversificação,,,05_Laboratorios/LAB_B03_EC2_Web_Role_e_Cleanup.md,,B25-09,B25-09,06_Progresso/B03_Checklist_e_Revisoes.md — 30/07/2026  ,06_Progresso/B03_Checklist_e_Revisoes.md — 04/08/2026  ,https://docs.aws.amazon.com/aws-certification/latest/solutions-architect-associate-03/solutions-architect-associate-03-domain4.html,2026-08-01,cobertura completa,—
4,20%,4.3,knowledge,"AWS cost management service features (for example, cost allocation tags, multi-account billing)",B25,03_Guia_do_Estudante/Capitulos/B25_CloudFormation_Operacoes_Custos_e_Well_Architected.md,5.31 Ponto 31,Cápsula de decisão — AWS Cost and Usage Report (CUR 2.0),Cenário resolvido 3 — Anomalia de custo,05_Laboratorios/LAB_B25_Auditoria_Final_de_Custos_e_Cleanup.md,B25-01,B25-07,B22-04,06_Progresso/B25_Checklist_e_Revisoes.md — 24/08/2026<br>,06_Progresso/B25_Checklist_e_Revisoes.md — 29/08/2026<br>,https://docs.aws.amazon.com/aws-certification/latest/solutions-architect-associate-03/solutions-architect-associate-03-domain4.html,2026-08-01,cobertura completa,—
4,20%,4.3,knowledge,"AWS cost management tools with appropriate use cases (for example, AWS Cost Explorer, AWS Budgets, AWS Cost and Usage Report)",B25,03_Guia_do_Estudante/Capitulos/B25_CloudFormation_Operacoes_Custos_e_Well_Architected.md,5.31 Ponto 31,Cápsula de decisão — AWS Cost and Usage Report (CUR 2.0),Cenário resolvido 3 — Anomalia de custo,05_Laboratorios/LAB_B25_Auditoria_Final_de_Custos_e_Cleanup.md,B02-03,B25-07,B02-03,06_Progresso/B25_Checklist_e_Revisoes.md — 24/08/2026<br>,06_Progresso/B25_Checklist_e_Revisoes.md — 29/08/2026<br>,https://docs.aws.amazon.com/aws-certification/latest/solutions-architect-associate-03/solutions-architect-associate-03-domain4.html,2026-08-01,cobertura completa,—
4,20%,4.3,knowledge,Caching strategies,B08,03_Guia_do_Estudante/Capitulos/B08_RDS_Aurora_RDS_Proxy_e_ElastiCache.md,10. ElastiCache,12. Tabela de decisão,,05_Laboratorios/LAB_B08_Projeto_RDS_Privado_Aurora_Proxy_e_Cache.md,B10-03,B08-09,B24-09,06_Progresso/B08_Checklist_e_Revisoes.md — 05/08/2026<br>,06_Progresso/B08_Checklist_e_Revisoes.md — 10/08/2026<br>,https://docs.aws.amazon.com/aws-certification/latest/solutions-architect-associate-03/solutions-architect-associate-03-domain4.html,2026-08-01,cobertura completa,—
4,20%,4.3,knowledge,Data retention policies,B11,03_Guia_do_Estudante/Capitulos/B11_S3_Seguranca_Versioning_Replication_Classes_e_Eventos.md,10. Lifecycle,15. Tabela de decisão,Cenário resolvido 5 — cópia recriável,05_Laboratorios/LAB_B11_S3_Versioning_Lifecycle_e_Cleanup.md,B19-01,B24-07,B15-09,06_Progresso/B11_Checklist_e_Revisoes.md — 08/08/2026<br>,06_Progresso/B11_Checklist_e_Revisoes.md — 13/08/2026<br>,https://docs.aws.amazon.com/aws-certification/latest/solutions-architect-associate-03/solutions-architect-associate-03-domain4.html,2026-08-01,cobertura completa,—
4,20%,4.3,knowledge,"Database capacity planning (for example, capacity units)",B08,03_Guia_do_Estudante/Capitulos/B08_RDS_Aurora_RDS_Proxy_e_ElastiCache.md,6. Aurora,,,05_Laboratorios/LAB_B03_EC2_Web_Role_e_Cleanup.md,B12-01,B18-08,B05-08,06_Progresso/B08_Checklist_e_Revisoes.md — 05/08/2026<br>,06_Progresso/B08_Checklist_e_Revisoes.md — 10/08/2026<br>,https://docs.aws.amazon.com/aws-certification/latest/solutions-architect-associate-03/solutions-architect-associate-03-domain4.html,2026-08-01,cobertura completa,—
4,20%,4.3,knowledge,Database connections and proxies,B08,03_Guia_do_Estudante/Capitulos/B08_RDS_Aurora_RDS_Proxy_e_ElastiCache.md,9. RDS Proxy,12. Tabela de decisão,Cenário resolvido 3 — carga variável e conexões,05_Laboratorios/LAB_B08_Projeto_RDS_Privado_Aurora_Proxy_e_Cache.md,B08-02,B16-04,B16-04,06_Progresso/B08_Checklist_e_Revisoes.md — 05/08/2026<br>,06_Progresso/B08_Checklist_e_Revisoes.md — 10/08/2026<br>,https://docs.aws.amazon.com/aws-certification/latest/solutions-architect-associate-03/solutions-architect-associate-03-domain4.html,2026-08-01,cobertura completa,—
4,20%,4.3,knowledge,"Database engines with appropriate use cases (for example, heterogeneous migrations, homogeneous migrations)",B08,03_Guia_do_Estudante/Capitulos/B08_RDS_Aurora_RDS_Proxy_e_ElastiCache.md,11. Portas essenciais,12. Tabela de decisão,,05_Laboratorios/LAB_B08_Projeto_RDS_Privado_Aurora_Proxy_e_Cache.md,B19-01,B24-06,B24-04,06_Progresso/B08_Checklist_e_Revisoes.md — 05/08/2026<br>,06_Progresso/B08_Checklist_e_Revisoes.md — 10/08/2026<br>,https://docs.aws.amazon.com/aws-certification/latest/solutions-architect-associate-03/solutions-architect-associate-03-domain4.html,2026-08-01,cobertura completa,—
4,20%,4.3,knowledge,"Database replication (for example, read replicas)",B08,03_Guia_do_Estudante/Capitulos/B08_RDS_Aurora_RDS_Proxy_e_ElastiCache.md,9. RDS Proxy,4. Multi-AZ versus read replica,Cenário resolvido 1 — disponibilidade sem leitura extra,05_Laboratorios/LAB_B08_Projeto_RDS_Privado_Aurora_Proxy_e_Cache.md,B08-02,B08-09,B08-08,06_Progresso/B08_Checklist_e_Revisoes.md — 05/08/2026<br>,06_Progresso/B08_Checklist_e_Revisoes.md — 10/08/2026<br>,https://docs.aws.amazon.com/aws-certification/latest/solutions-architect-associate-03/solutions-architect-associate-03-domain4.html,2026-08-01,cobertura completa,—
4,20%,4.3,knowledge,"Database types and services (for example, relational compared with non-relational, Amazon Aurora, Amazon DynamoDB)",B17,03_Guia_do_Estudante/Capitulos/B17_Serverless_VPC_DynamoDB_API_Gateway_Step_Functions_e_Cognito.md,5. DynamoDB: modele access patterns primeiro,Cápsula de decisão — AWS AppSync,Cenário resolvido 2 — carrinho global,05_Laboratorios/LAB_B17_API_Serverless_Lambda_DynamoDB.md,B18-01,B20-07,B20-07,06_Progresso/B17_Checklist_e_Revisoes.md — 15/08/2026<br>,06_Progresso/B17_Checklist_e_Revisoes.md — 20/08/2026<br>,https://docs.aws.amazon.com/aws-certification/latest/solutions-architect-associate-03/solutions-architect-associate-03-domain4.html,2026-08-01,cobertura completa,—
4,20%,4.3,skill,"Designing appropriate backup and retention policies (for example, snapshot frequency)",B11,03_Guia_do_Estudante/Capitulos/B11_S3_Seguranca_Versioning_Replication_Classes_e_Eventos.md,10. Lifecycle,15. Tabela de decisão,Cenário resolvido 6 — processamento de imagens,05_Laboratorios/LAB_B11_S3_Versioning_Lifecycle_e_Cleanup.md,B08-03,B15-09,B15-09,06_Progresso/B11_Checklist_e_Revisoes.md — 08/08/2026<br>,06_Progresso/B11_Checklist_e_Revisoes.md — 13/08/2026<br>,https://docs.aws.amazon.com/aws-certification/latest/solutions-architect-associate-03/solutions-architect-associate-03-domain4.html,2026-08-01,cobertura completa,—
4,20%,4.3,skill,"Determining an appropriate database engine (for example, MySQL compared with PostgreSQL)",B08,03_Guia_do_Estudante/Capitulos/B08_RDS_Aurora_RDS_Proxy_e_ElastiCache.md,11. Portas essenciais,12. Tabela de decisão,,05_Laboratorios/LAB_B08_Projeto_RDS_Privado_Aurora_Proxy_e_Cache.md,B19-01,,,06_Progresso/B08_Checklist_e_Revisoes.md — 05/08/2026<br>,06_Progresso/B08_Checklist_e_Revisoes.md — 10/08/2026<br>,https://docs.aws.amazon.com/aws-certification/latest/solutions-architect-associate-03/solutions-architect-associate-03-domain4.html,2026-08-01,cobertura completa,—
4,20%,4.3,skill,"Determining cost-effective AWS database services with appropriate use cases (for example, DynamoDB compared with Amazon RDS, serverless)",B17,03_Guia_do_Estudante/Capitulos/B17_Serverless_VPC_DynamoDB_API_Gateway_Step_Functions_e_Cognito.md,5. DynamoDB: modele access patterns primeiro,9. Tabela de decisão serverless,Cenário resolvido 2 — carrinho global,05_Laboratorios/LAB_B17_API_Serverless_Lambda_DynamoDB.md,B18-01,B20-07,B20-07,06_Progresso/B17_Checklist_e_Revisoes.md — 15/08/2026<br>,06_Progresso/B17_Checklist_e_Revisoes.md — 20/08/2026<br>,https://docs.aws.amazon.com/aws-certification/latest/solutions-architect-associate-03/solutions-architect-associate-03-domain4.html,2026-08-01,cobertura completa,—
4,20%,4.3,skill,"Determining cost-effective AWS database types (for example, time series format, columnar format)",B17,03_Guia_do_Estudante/Capitulos/B17_Serverless_VPC_DynamoDB_API_Gateway_Step_Functions_e_Cognito.md,5. DynamoDB: modele access patterns primeiro,Cápsula de decisão — AWS AppSync,Cenário resolvido 2 — carrinho global,05_Laboratorios/LAB_B17_API_Serverless_Lambda_DynamoDB.md,B18-01,B20-07,B20-07,06_Progresso/B17_Checklist_e_Revisoes.md — 15/08/2026<br>,06_Progresso/B17_Checklist_e_Revisoes.md — 20/08/2026<br>,https://docs.aws.amazon.com/aws-certification/latest/solutions-architect-associate-03/solutions-architect-associate-03-domain4.html,2026-08-01,cobertura completa,—
4,20%,4.3,skill,Migrating database schemas and data to different locations and/or different database engines,B24,03_Guia_do_Estudante/Capitulos/B24_Custos_de_Rede_DR_Migracao_e_Arquiteturas_Integradas.md,5.28 Ponto 28,6. Tabela de decisão,Cenário resolvido 2 — Oracle para Aurora,05_Laboratorios/LAB_B24_Estrategias_DR_e_Migracao_em_Diagrama.md,B19-01,B24-06,B24-04,06_Progresso/B24_Checklist_e_Revisoes.md — 24/08/2026<br>,06_Progresso/B24_Checklist_e_Revisoes.md — 28/08/2026<br>,https://docs.aws.amazon.com/aws-certification/latest/solutions-architect-associate-03/solutions-architect-associate-03-domain4.html,2026-08-01,cobertura completa,—
4,20%,4.4,knowledge,"AWS cost management service features (for example, cost allocation tags, multi-account billing)",B25,03_Guia_do_Estudante/Capitulos/B25_CloudFormation_Operacoes_Custos_e_Well_Architected.md,5.31 Ponto 31,Cápsula de decisão — AWS Cost and Usage Report (CUR 2.0),Cenário resolvido 3 — Anomalia de custo,05_Laboratorios/LAB_B25_Auditoria_Final_de_Custos_e_Cleanup.md,B25-01,B25-07,B22-04,06_Progresso/B25_Checklist_e_Revisoes.md — 24/08/2026<br>,06_Progresso/B25_Checklist_e_Revisoes.md — 29/08/2026<br>,https://docs.aws.amazon.com/aws-certification/latest/solutions-architect-associate-03/solutions-architect-associate-03-domain4.html,2026-08-01,cobertura completa,—
4,20%,4.4,knowledge,"AWS cost management tools with appropriate use cases (for example, AWS Cost Explorer, AWS Budgets, AWS Cost and Usage Report)",B25,03_Guia_do_Estudante/Capitulos/B25_CloudFormation_Operacoes_Custos_e_Well_Architected.md,5.31 Ponto 31,Cápsula de decisão — AWS Cost and Usage Report (CUR 2.0),Cenário resolvido 3 — Anomalia de custo,05_Laboratorios/LAB_B25_Auditoria_Final_de_Custos_e_Cleanup.md,B02-03,B25-07,B02-03,06_Progresso/B25_Checklist_e_Revisoes.md — 24/08/2026<br>,06_Progresso/B25_Checklist_e_Revisoes.md — 29/08/2026<br>,https://docs.aws.amazon.com/aws-certification/latest/solutions-architect-associate-03/solutions-architect-associate-03-domain4.html,2026-08-01,cobertura completa,—
4,20%,4.4,knowledge,"Load balancing concepts (for example, Application Load Balancer)",B06,03_Guia_do_Estudante/Capitulos/B06_ALB_NLB_GWLB_Target_Groups_e_Cross_Zone.md,7. GWLB,4. Tabela de decisão,Cenário resolvido 2 — allowlist e protocolo proprietário,05_Laboratorios/LAB_B06_Projeto_ALB_NLB_GWLB_Multi_AZ.md,B10-03,B22-10,B22-09,"06_Progresso/B06_Checklist_e_Revisoes.md — 02/08/2026 — domingo, sem estudo<br>",06_Progresso/B06_Checklist_e_Revisoes.md — 07/08/2026,https://docs.aws.amazon.com/aws-certification/latest/solutions-architect-associate-03/solutions-architect-associate-03-domain4.html,2026-08-01,cobertura completa,—
4,20%,4.4,knowledge,"NAT gateways (for example, NAT instance costs compared with NAT gateway costs)",B22,03_Guia_do_Estudante/Capitulos/B22_Segredos_Protecao_de_Aplicacoes_e_Fundamentos_VPC.md,Classificação da novidade: Regional NAT Gateway,6. Tabela de decisão,Cenário resolvido 3 — Três camadas,05_Laboratorios/LAB_B22_VPC_Publica_Privada_sem_NAT_Gateway.md,B06-03,B24-09,B24-09,06_Progresso/B22_Checklist_e_Revisoes.md — 21/08/2026<br>,06_Progresso/B22_Checklist_e_Revisoes.md — 26/08/2026<br>,https://docs.aws.amazon.com/aws-certification/latest/solutions-architect-associate-03/solutions-architect-associate-03-domain4.html,2026-08-01,cobertura completa,—
4,20%,4.4,knowledge,"Network connectivity (for example, private lines, dedicated lines, VPNs)",B23,03_Guia_do_Estudante/Capitulos/B23_Redes_Avancadas_e_Conectividade_Hibrida.md,5.28 Ponto 28,Cápsula de decisão — AWS Client VPN,Cenário resolvido 3 — Dedicado e cifrado,05_Laboratorios/LAB_B23_Roteamento_VPC_e_Hibrido_em_Diagrama.md,B07-03,B25-06,B25-04,06_Progresso/B23_Checklist_e_Revisoes.md — 22/08/2026<br>,06_Progresso/B23_Checklist_e_Revisoes.md — 27/08/2026<br>,https://docs.aws.amazon.com/aws-certification/latest/solutions-architect-associate-03/solutions-architect-associate-03-domain4.html,2026-08-01,cobertura completa,—
4,20%,4.4,knowledge,"Network routing, topology, and peering (for example, AWS Transit Gateway, VPC peering)",B23,03_Guia_do_Estudante/Capitulos/B23_Redes_Avancadas_e_Conectividade_Hibrida.md,5.9 Ponto 9,Cápsula de decisão — AWS Client VPN,Cenário resolvido 2 — S3 privado,05_Laboratorios/LAB_B23_Roteamento_VPC_e_Hibrido_em_Diagrama.md,B23-01,B24-09,B24-09,06_Progresso/B23_Checklist_e_Revisoes.md — 22/08/2026<br>,06_Progresso/B23_Checklist_e_Revisoes.md — 27/08/2026<br>,https://docs.aws.amazon.com/aws-certification/latest/solutions-architect-associate-03/solutions-architect-associate-03-domain4.html,2026-08-01,cobertura completa,—
4,20%,4.4,knowledge,"Network services with appropriate use cases (for example, DNS)",B09,03_Guia_do_Estudante/Capitulos/B09_DNS_Route53_Records_TTL_e_Routing.md,12. DNS não é load balancer,6. Alias versus CNAME,Cenário resolvido 1 — apex para ALB,05_Laboratorios/LAB_B09_Observacao_DNS_e_Cenarios_Route53.md,B10-03,B12-10,B09-08,06_Progresso/B09_Checklist_e_Revisoes.md — 06/08/2026<br>,06_Progresso/B09_Checklist_e_Revisoes.md — 11/08/2026<br>,https://docs.aws.amazon.com/aws-certification/latest/solutions-architect-associate-03/solutions-architect-associate-03-domain4.html,2026-08-01,cobertura completa,—
4,20%,4.4,skill,"Configuring appropriate NAT gateway types for a network (for example, a single shared NAT gateway compared with NAT gateways for each Availability Zone)",B22,03_Guia_do_Estudante/Capitulos/B22_Segredos_Protecao_de_Aplicacoes_e_Fundamentos_VPC.md,Classificação da novidade: Regional NAT Gateway,6. Tabela de decisão,Cenário resolvido 3 — Três camadas,05_Laboratorios/LAB_B22_VPC_Publica_Privada_sem_NAT_Gateway.md,B06-02,B24-09,B24-09,06_Progresso/B22_Checklist_e_Revisoes.md — 21/08/2026<br>,06_Progresso/B22_Checklist_e_Revisoes.md — 26/08/2026<br>,https://docs.aws.amazon.com/aws-certification/latest/solutions-architect-associate-03/solutions-architect-associate-03-domain4.html,2026-08-01,cobertura completa,—
4,20%,4.4,skill,"Configuring appropriate network connections (for example, AWS Direct Connect compared with VPN compared with internet)",B23,03_Guia_do_Estudante/Capitulos/B23_Redes_Avancadas_e_Conectividade_Hibrida.md,5.28 Ponto 28,Cápsula de decisão — AWS Client VPN,Cenário resolvido 3 — Dedicado e cifrado,05_Laboratorios/LAB_B23_Roteamento_VPC_e_Hibrido_em_Diagrama.md,B07-03,B25-06,B25-04,06_Progresso/B23_Checklist_e_Revisoes.md — 22/08/2026<br>,06_Progresso/B23_Checklist_e_Revisoes.md — 27/08/2026<br>,https://docs.aws.amazon.com/aws-certification/latest/solutions-architect-associate-03/solutions-architect-associate-03-domain4.html,2026-08-01,cobertura completa,—
4,20%,4.4,skill,"Configuring appropriate network routes to minimize network transfer costs (for example, Region to Region, Availability Zone to Availability Zone, private to public, AWS Global Accelerator, VPC endpoints)",B23,03_Guia_do_Estudante/Capitulos/B23_Redes_Avancadas_e_Conectividade_Hibrida.md,5.11 Ponto 11,Cápsula de decisão — AWS Client VPN,Cenário resolvido 2 — S3 privado,05_Laboratorios/LAB_B23_Roteamento_VPC_e_Hibrido_em_Diagrama.md,B09-03,B24-09,B24-09,06_Progresso/B23_Checklist_e_Revisoes.md — 22/08/2026<br>,06_Progresso/B23_Checklist_e_Revisoes.md — 27/08/2026<br>,https://docs.aws.amazon.com/aws-certification/latest/solutions-architect-associate-03/solutions-architect-associate-03-domain4.html,2026-08-01,cobertura completa,—
4,20%,4.4,skill,Determining strategic needs for content delivery networks (CDNs) and edge caching,B12,03_Guia_do_Estudante/Capitulos/B12_S3_Seguranca_CloudFront_e_Global_Accelerator.md,8. Global Accelerator,Tabela de decisão — CloudFront versus Global Accelerator,Cenário resolvido 3 — portal de vídeos,05_Laboratorios/LAB_B12_S3_Presigned_URL_CORS_e_Arquitetura_Global.md,B01-02,B24-09,B24-09,06_Progresso/B12_Checklist_e_Revisoes.md — 09/08/2026 cairia no domingo; revisão transferida para **10/08/2026**<br>,06_Progresso/B12_Checklist_e_Revisoes.md — 14/08/2026<br>,https://docs.aws.amazon.com/aws-certification/latest/solutions-architect-associate-03/solutions-architect-associate-03-domain4.html,2026-08-01,cobertura completa,—
4,20%,4.4,skill,Reviewing existing workloads for network optimizations,B24,03_Guia_do_Estudante/Capitulos/B24_Custos_de_Rede_DR_Migracao_e_Arquiteturas_Integradas.md,5.31 Ponto 31,,,05_Laboratorios/LAB_B23_Roteamento_VPC_e_Hibrido_em_Diagrama.md,,B24-09,B24-09,06_Progresso/B24_Checklist_e_Revisoes.md — 24/08/2026<br>,06_Progresso/B24_Checklist_e_Revisoes.md — 28/08/2026<br>,https://docs.aws.amazon.com/aws-certification/latest/solutions-architect-associate-03/solutions-architect-associate-03-domain4.html,2026-08-01,cobertura completa,—
4,20%,4.4,skill,Selecting an appropriate throttling strategy,B17,03_Guia_do_Estudante/Capitulos/B17_Serverless_VPC_DynamoDB_API_Gateway_Step_Functions_e_Cognito.md,5.2 Índices,,,05_Laboratorios/LAB_B17_API_Serverless_Lambda_DynamoDB.md,,B15-09,B15-09,06_Progresso/B17_Checklist_e_Revisoes.md — 15/08/2026<br>,06_Progresso/B17_Checklist_e_Revisoes.md — 20/08/2026<br>,https://docs.aws.amazon.com/aws-certification/latest/solutions-architect-associate-03/solutions-architect-associate-03-domain4.html,2026-08-01,cobertura completa,—
4,20%,4.4,skill,"Selecting the appropriate bandwidth allocation for a network device (for example, a single VPN compared with multiple VPNs, Direct Connect speed)",B23,03_Guia_do_Estudante/Capitulos/B23_Redes_Avancadas_e_Conectividade_Hibrida.md,5.28 Ponto 28,Cápsula de decisão — AWS Client VPN,Cenário resolvido 3 — Dedicado e cifrado,05_Laboratorios/LAB_B23_Roteamento_VPC_e_Hibrido_em_Diagrama.md,B07-03,B25-06,B25-04,06_Progresso/B23_Checklist_e_Revisoes.md — 22/08/2026<br>,06_Progresso/B23_Checklist_e_Revisoes.md — 27/08/2026<br>,https://docs.aws.amazon.com/aws-certification/latest/solutions-architect-associate-03/solutions-architect-associate-03-domain4.html,2026-08-01,cobertura completa,—
